-- TABLE : WC_SCHDL_B(기념일)
INSERT INTO WC_SCHDL_B VALUES ('A01', 'U0000001', '5', '설날', NULL, NULL, NULL, NULL, NULL, NULL, 'N', NULL, 'U0000001', GETDATE(), NULL, 'S0000001', NULL, NULL, NULL, CONVERT(DATETIME, '2013-12-30 00:00:00', 120), CONVERT(DATETIME, '2014-01-02 23:59:00', 120), 'Y', 'S0000001', '-1', NULL, 'O0000102', 'Y', 'N', NULL, '관리자', NULL);
INSERT INTO WC_SCHDL_B VALUES ('A01', 'U0000001', '5', '설날', NULL, NULL, NULL, NULL, NULL, NULL, 'N', NULL, 'U0000001', GETDATE(), NULL, 'S0000002', NULL, NULL, NULL, CONVERT(DATETIME, '2014-12-30 00:00:00', 120), CONVERT(DATETIME, '2015-01-02 23:59:00', 120), 'Y', 'S0000001', '-1', NULL, 'O0000102', 'Y', 'N', NULL, '관리자', NULL);
INSERT INTO WC_SCHDL_B VALUES ('A01', 'U0000001', '5', '설날', NULL, NULL, NULL, NULL, NULL, NULL, 'N', NULL, 'U0000001', GETDATE(), NULL, 'S0000003', NULL, NULL, NULL, CONVERT(DATETIME, '2015-12-30 00:00:00', 120), CONVERT(DATETIME, '2016-01-02 23:59:00', 120), 'Y', 'S0000001', '-1', NULL, 'O0000102', 'Y', 'N', NULL, '관리자', NULL);
INSERT INTO WC_SCHDL_B VALUES ('A01', 'U0000001', '5', '설날', NULL, NULL, NULL, NULL, NULL, NULL, 'N', NULL, 'U0000001', GETDATE(), NULL, 'S0000004', NULL, NULL, NULL, CONVERT(DATETIME, '2016-12-30 00:00:00', 120), CONVERT(DATETIME, '2017-01-02 23:59:00', 120), 'Y', 'S0000001', '-1', NULL, 'O0000102', 'Y', 'N', NULL, '관리자', NULL);
INSERT INTO WC_SCHDL_B VALUES ('A01', 'U0000001', '5', '설날', NULL, NULL, NULL, NULL, NULL, NULL, 'N', NULL, 'U0000001', GETDATE(), NULL, 'S0000005', NULL, NULL, NULL, CONVERT(DATETIME, '2017-12-30 00:00:00', 120), CONVERT(DATETIME, '2018-01-02 23:59:00', 120), 'Y', 'S0000001', '-1', NULL, 'O0000102', 'Y', 'N', NULL, '관리자', NULL);
INSERT INTO WC_SCHDL_B VALUES ('A01', 'U0000001', '5', '설날', NULL, NULL, NULL, NULL, NULL, NULL, 'N', NULL, 'U0000001', GETDATE(), NULL, 'S0000006', NULL, NULL, NULL, CONVERT(DATETIME, '2018-12-30 00:00:00', 120), CONVERT(DATETIME, '2019-01-02 23:59:00', 120), 'Y', 'S0000001', '-1', NULL, 'O0000102', 'Y', 'N', NULL, '관리자', NULL);
INSERT INTO WC_SCHDL_B VALUES ('A01', 'U0000001', '5', '설날', NULL, NULL, NULL, NULL, NULL, NULL, 'N', NULL, 'U0000001', GETDATE(), NULL, 'S0000007', NULL, NULL, NULL, CONVERT(DATETIME, '2019-12-30 00:00:00', 120), CONVERT(DATETIME, '2020-01-02 23:59:00', 120), 'Y', 'S0000001', '-1', NULL, 'O0000102', 'Y', 'N', NULL, '관리자', NULL);
INSERT INTO WC_SCHDL_B VALUES ('A01', 'U0000001', '5', '설날', NULL, NULL, NULL, NULL, NULL, NULL, 'N', NULL, 'U0000001', GETDATE(), NULL, 'S0000008', NULL, NULL, NULL, CONVERT(DATETIME, '2020-12-30 00:00:00', 120), CONVERT(DATETIME, '2021-01-02 23:59:00', 120), 'Y', 'S0000001', '-1', NULL, 'O0000102', 'Y', 'N', NULL, '관리자', NULL);
INSERT INTO WC_SCHDL_B VALUES ('A01', 'U0000001', '5', '설날', NULL, NULL, NULL, NULL, NULL, NULL, 'N', NULL, 'U0000001', GETDATE(), NULL, 'S0000009', NULL, NULL, NULL, CONVERT(DATETIME, '2021-12-30 00:00:00', 120), CONVERT(DATETIME, '2022-01-02 23:59:00', 120), 'Y', 'S0000001', '-1', NULL, 'O0000102', 'Y', 'N', NULL, '관리자', NULL);
INSERT INTO WC_SCHDL_B VALUES ('A01', 'U0000001', '5', '설날', NULL, NULL, NULL, NULL, NULL, NULL, 'N', NULL, 'U0000001', GETDATE(), NULL, 'S0000010', NULL, NULL, NULL, CONVERT(DATETIME, '2022-12-30 00:00:00', 120), CONVERT(DATETIME, '2023-01-02 23:59:00', 120), 'Y', 'S0000001', '-1', NULL, 'O0000102', 'Y', 'N', NULL, '관리자', NULL);
INSERT INTO WC_SCHDL_B VALUES ('A01', 'U0000001', '5', '설날', NULL, NULL, NULL, NULL, NULL, NULL, 'N', NULL, 'U0000001', GETDATE(), NULL, 'S0000011', NULL, NULL, NULL, CONVERT(DATETIME, '2023-12-30 00:00:00', 120), CONVERT(DATETIME, '2024-01-02 23:59:00', 120), 'Y', 'S0000001', '-1', NULL, 'O0000102', 'Y', 'N', NULL, '관리자', NULL);
INSERT INTO WC_SCHDL_B VALUES ('A01', 'U0000001', '5', '설날', NULL, NULL, NULL, NULL, NULL, NULL, 'N', NULL, 'U0000001', GETDATE(), NULL, 'S0000012', NULL, NULL, NULL, CONVERT(DATETIME, '2024-12-30 00:00:00', 120), CONVERT(DATETIME, '2025-01-02 23:59:00', 120), 'Y', 'S0000001', '-1', NULL, 'O0000102', 'Y', 'N', NULL, '관리자', NULL);
INSERT INTO WC_SCHDL_B VALUES ('A01', 'U0000001', '5', '설날', NULL, NULL, NULL, NULL, NULL, NULL, 'N', NULL, 'U0000001', GETDATE(), NULL, 'S0000013', NULL, NULL, NULL, CONVERT(DATETIME, '2025-12-30 00:00:00', 120), CONVERT(DATETIME, '2026-01-02 23:59:00', 120), 'Y', 'S0000001', '-1', NULL, 'O0000102', 'Y', 'N', NULL, '관리자', NULL);
INSERT INTO WC_SCHDL_B VALUES ('A01', 'U0000001', '5', '설날', NULL, NULL, NULL, NULL, NULL, NULL, 'N', NULL, 'U0000001', GETDATE(), NULL, 'S0000014', NULL, NULL, NULL, CONVERT(DATETIME, '2026-12-30 00:00:00', 120), CONVERT(DATETIME, '2027-01-02 23:59:00', 120), 'Y', 'S0000001', '-1', NULL, 'O0000102', 'Y', 'N', NULL, '관리자', NULL);
INSERT INTO WC_SCHDL_B VALUES ('A01', 'U0000001', '5', '설날', NULL, NULL, NULL, NULL, NULL, NULL, 'N', NULL, 'U0000001', GETDATE(), NULL, 'S0000015', NULL, NULL, NULL, CONVERT(DATETIME, '2027-12-30 00:00:00', 120), CONVERT(DATETIME, '2028-01-02 23:59:00', 120), 'Y', 'S0000001', '-1', NULL, 'O0000102', 'Y', 'N', NULL, '관리자', NULL);
INSERT INTO WC_SCHDL_B VALUES ('A01', 'U0000001', '5', '설날', NULL, NULL, NULL, NULL, NULL, NULL, 'N', NULL, 'U0000001', GETDATE(), NULL, 'S0000016', NULL, NULL, NULL, CONVERT(DATETIME, '2028-12-30 00:00:00', 120), CONVERT(DATETIME, '2029-01-02 23:59:00', 120), 'Y', 'S0000001', '-1', NULL, 'O0000102', 'Y', 'N', NULL, '관리자', NULL);
INSERT INTO WC_SCHDL_B VALUES ('A01', 'U0000001', '5', '설날', NULL, NULL, NULL, NULL, NULL, NULL, 'N', NULL, 'U0000001', GETDATE(), NULL, 'S0000017', NULL, NULL, NULL, CONVERT(DATETIME, '2029-12-30 00:00:00', 120), CONVERT(DATETIME, '2030-01-02 23:59:00', 120), 'Y', 'S0000001', '-1', NULL, 'O0000102', 'Y', 'N', NULL, '관리자', NULL);
INSERT INTO WC_SCHDL_B VALUES ('A01', 'U0000001', '5', '삼일절', NULL, NULL, NULL, NULL, NULL, NULL, 'N', NULL, 'U0000001', GETDATE(), NULL, 'S0000018', NULL, NULL, NULL, CONVERT(DATETIME, '2014-03-01 00:00:00', 120), CONVERT(DATETIME, '2014-03-01 23:59:00', 120), 'Y', 'S0000018', '-1', NULL, 'O0000102', 'Y', 'Y', NULL, '관리자', NULL);
INSERT INTO WC_SCHDL_B VALUES ('A01', 'U0000001', '5', '삼일절', NULL, NULL, NULL, NULL, NULL, NULL, 'N', NULL, 'U0000001', GETDATE(), NULL, 'S0000019', NULL, NULL, NULL, CONVERT(DATETIME, '2015-03-01 00:00:00', 120), CONVERT(DATETIME, '2015-03-01 23:59:00', 120), 'Y', 'S0000018', '-1', NULL, 'O0000102', 'Y', 'Y', NULL, '관리자', NULL);
INSERT INTO WC_SCHDL_B VALUES ('A01', 'U0000001', '5', '삼일절', NULL, NULL, NULL, NULL, NULL, NULL, 'N', NULL, 'U0000001', GETDATE(), NULL, 'S0000020', NULL, NULL, NULL, CONVERT(DATETIME, '2016-03-01 00:00:00', 120), CONVERT(DATETIME, '2016-03-01 23:59:00', 120), 'Y', 'S0000018', '-1', NULL, 'O0000102', 'Y', 'Y', NULL, '관리자', NULL);
INSERT INTO WC_SCHDL_B VALUES ('A01', 'U0000001', '5', '삼일절', NULL, NULL, NULL, NULL, NULL, NULL, 'N', NULL, 'U0000001', GETDATE(), NULL, 'S0000021', NULL, NULL, NULL, CONVERT(DATETIME, '2017-03-01 00:00:00', 120), CONVERT(DATETIME, '2017-03-01 23:59:00', 120), 'Y', 'S0000018', '-1', NULL, 'O0000102', 'Y', 'Y', NULL, '관리자', NULL);
INSERT INTO WC_SCHDL_B VALUES ('A01', 'U0000001', '5', '삼일절', NULL, NULL, NULL, NULL, NULL, NULL, 'N', NULL, 'U0000001', GETDATE(), NULL, 'S0000022', NULL, NULL, NULL, CONVERT(DATETIME, '2018-03-01 00:00:00', 120), CONVERT(DATETIME, '2018-03-01 23:59:00', 120), 'Y', 'S0000018', '-1', NULL, 'O0000102', 'Y', 'Y', NULL, '관리자', NULL);
INSERT INTO WC_SCHDL_B VALUES ('A01', 'U0000001', '5', '삼일절', NULL, NULL, NULL, NULL, NULL, NULL, 'N', NULL, 'U0000001', GETDATE(), NULL, 'S0000023', NULL, NULL, NULL, CONVERT(DATETIME, '2019-03-01 00:00:00', 120), CONVERT(DATETIME, '2019-03-01 23:59:00', 120), 'Y', 'S0000018', '-1', NULL, 'O0000102', 'Y', 'Y', NULL, '관리자', NULL);
INSERT INTO WC_SCHDL_B VALUES ('A01', 'U0000001', '5', '삼일절', NULL, NULL, NULL, NULL, NULL, NULL, 'N', NULL, 'U0000001', GETDATE(), NULL, 'S0000024', NULL, NULL, NULL, CONVERT(DATETIME, '2020-03-01 00:00:00', 120), CONVERT(DATETIME, '2020-03-01 23:59:00', 120), 'Y', 'S0000018', '-1', NULL, 'O0000102', 'Y', 'Y', NULL, '관리자', NULL);
INSERT INTO WC_SCHDL_B VALUES ('A01', 'U0000001', '5', '삼일절', NULL, NULL, NULL, NULL, NULL, NULL, 'N', NULL, 'U0000001', GETDATE(), NULL, 'S0000025', NULL, NULL, NULL, CONVERT(DATETIME, '2021-03-01 00:00:00', 120), CONVERT(DATETIME, '2021-03-01 23:59:00', 120), 'Y', 'S0000018', '-1', NULL, 'O0000102', 'Y', 'Y', NULL, '관리자', NULL);
INSERT INTO WC_SCHDL_B VALUES ('A01', 'U0000001', '5', '삼일절', NULL, NULL, NULL, NULL, NULL, NULL, 'N', NULL, 'U0000001', GETDATE(), NULL, 'S0000026', NULL, NULL, NULL, CONVERT(DATETIME, '2022-03-01 00:00:00', 120), CONVERT(DATETIME, '2022-03-01 23:59:00', 120), 'Y', 'S0000018', '-1', NULL, 'O0000102', 'Y', 'Y', NULL, '관리자', NULL);
INSERT INTO WC_SCHDL_B VALUES ('A01', 'U0000001', '5', '삼일절', NULL, NULL, NULL, NULL, NULL, NULL, 'N', NULL, 'U0000001', GETDATE(), NULL, 'S0000027', NULL, NULL, NULL, CONVERT(DATETIME, '2023-03-01 00:00:00', 120), CONVERT(DATETIME, '2023-03-01 23:59:00', 120), 'Y', 'S0000018', '-1', NULL, 'O0000102', 'Y', 'Y', NULL, '관리자', NULL);
INSERT INTO WC_SCHDL_B VALUES ('A01', 'U0000001', '5', '삼일절', NULL, NULL, NULL, NULL, NULL, NULL, 'N', NULL, 'U0000001', GETDATE(), NULL, 'S0000028', NULL, NULL, NULL, CONVERT(DATETIME, '2024-03-01 00:00:00', 120), CONVERT(DATETIME, '2024-03-01 23:59:00', 120), 'Y', 'S0000018', '-1', NULL, 'O0000102', 'Y', 'Y', NULL, '관리자', NULL);
INSERT INTO WC_SCHDL_B VALUES ('A01', 'U0000001', '5', '삼일절', NULL, NULL, NULL, NULL, NULL, NULL, 'N', NULL, 'U0000001', GETDATE(), NULL, 'S0000029', NULL, NULL, NULL, CONVERT(DATETIME, '2025-03-01 00:00:00', 120), CONVERT(DATETIME, '2025-03-01 23:59:00', 120), 'Y', 'S0000018', '-1', NULL, 'O0000102', 'Y', 'Y', NULL, '관리자', NULL);
INSERT INTO WC_SCHDL_B VALUES ('A01', 'U0000001', '5', '삼일절', NULL, NULL, NULL, NULL, NULL, NULL, 'N', NULL, 'U0000001', GETDATE(), NULL, 'S0000030', NULL, NULL, NULL, CONVERT(DATETIME, '2026-03-01 00:00:00', 120), CONVERT(DATETIME, '2026-03-01 23:59:00', 120), 'Y', 'S0000018', '-1', NULL, 'O0000102', 'Y', 'Y', NULL, '관리자', NULL);
INSERT INTO WC_SCHDL_B VALUES ('A01', 'U0000001', '5', '삼일절', NULL, NULL, NULL, NULL, NULL, NULL, 'N', NULL, 'U0000001', GETDATE(), NULL, 'S0000031', NULL, NULL, NULL, CONVERT(DATETIME, '2027-03-01 00:00:00', 120), CONVERT(DATETIME, '2027-03-01 23:59:00', 120), 'Y', 'S0000018', '-1', NULL, 'O0000102', 'Y', 'Y', NULL, '관리자', NULL);
INSERT INTO WC_SCHDL_B VALUES ('A01', 'U0000001', '5', '삼일절', NULL, NULL, NULL, NULL, NULL, NULL, 'N', NULL, 'U0000001', GETDATE(), NULL, 'S0000032', NULL, NULL, NULL, CONVERT(DATETIME, '2028-03-01 00:00:00', 120), CONVERT(DATETIME, '2028-03-01 23:59:00', 120), 'Y', 'S0000018', '-1', NULL, 'O0000102', 'Y', 'Y', NULL, '관리자', NULL);
INSERT INTO WC_SCHDL_B VALUES ('A01', 'U0000001', '5', '삼일절', NULL, NULL, NULL, NULL, NULL, NULL, 'N', NULL, 'U0000001', GETDATE(), NULL, 'S0000033', NULL, NULL, NULL, CONVERT(DATETIME, '2029-03-01 00:00:00', 120), CONVERT(DATETIME, '2029-03-01 23:59:00', 120), 'Y', 'S0000018', '-1', NULL, 'O0000102', 'Y', 'Y', NULL, '관리자', NULL);
INSERT INTO WC_SCHDL_B VALUES ('A01', 'U0000001', '5', '삼일절', NULL, NULL, NULL, NULL, NULL, NULL, 'N', NULL, 'U0000001', GETDATE(), NULL, 'S0000034', NULL, NULL, NULL, CONVERT(DATETIME, '2030-03-01 00:00:00', 120), CONVERT(DATETIME, '2030-03-01 23:59:00', 120), 'Y', 'S0000018', '-1', NULL, 'O0000102', 'Y', 'Y', NULL, '관리자', NULL);
INSERT INTO WC_SCHDL_B VALUES ('A01', 'U0000001', '5', '석가탄신일', NULL, NULL, NULL, NULL, NULL, NULL, 'N', NULL, 'U0000001', GETDATE(), NULL, 'S0000035', NULL, NULL, NULL, CONVERT(DATETIME, '2014-04-08 00:00:00', 120), CONVERT(DATETIME, '2014-04-08 23:59:00', 120), 'Y', 'S0000035', '-1', NULL, 'O0000102', 'Y', 'N', NULL, '관리자', NULL);
INSERT INTO WC_SCHDL_B VALUES ('A01', 'U0000001', '5', '석가탄신일', NULL, NULL, NULL, NULL, NULL, NULL, 'N', NULL, 'U0000001', GETDATE(), NULL, 'S0000036', NULL, NULL, NULL, CONVERT(DATETIME, '2015-04-08 00:00:00', 120), CONVERT(DATETIME, '2015-04-08 23:59:00', 120), 'Y', 'S0000035', '-1', NULL, 'O0000102', 'Y', 'N', NULL, '관리자', NULL);
INSERT INTO WC_SCHDL_B VALUES ('A01', 'U0000001', '5', '석가탄신일', NULL, NULL, NULL, NULL, NULL, NULL, 'N', NULL, 'U0000001', GETDATE(), NULL, 'S0000037', NULL, NULL, NULL, CONVERT(DATETIME, '2016-04-08 00:00:00', 120), CONVERT(DATETIME, '2016-04-08 23:59:00', 120), 'Y', 'S0000035', '-1', NULL, 'O0000102', 'Y', 'N', NULL, '관리자', NULL);
INSERT INTO WC_SCHDL_B VALUES ('A01', 'U0000001', '5', '석가탄신일', NULL, NULL, NULL, NULL, NULL, NULL, 'N', NULL, 'U0000001', GETDATE(), NULL, 'S0000038', NULL, NULL, NULL, CONVERT(DATETIME, '2017-04-08 00:00:00', 120), CONVERT(DATETIME, '2017-04-08 23:59:00', 120), 'Y', 'S0000035', '-1', NULL, 'O0000102', 'Y', 'N', NULL, '관리자', NULL);
INSERT INTO WC_SCHDL_B VALUES ('A01', 'U0000001', '5', '석가탄신일', NULL, NULL, NULL, NULL, NULL, NULL, 'N', NULL, 'U0000001', GETDATE(), NULL, 'S0000039', NULL, NULL, NULL, CONVERT(DATETIME, '2018-04-08 00:00:00', 120), CONVERT(DATETIME, '2018-04-08 23:59:00', 120), 'Y', 'S0000035', '-1', NULL, 'O0000102', 'Y', 'N', NULL, '관리자', NULL);
INSERT INTO WC_SCHDL_B VALUES ('A01', 'U0000001', '5', '석가탄신일', NULL, NULL, NULL, NULL, NULL, NULL, 'N', NULL, 'U0000001', GETDATE(), NULL, 'S0000040', NULL, NULL, NULL, CONVERT(DATETIME, '2019-04-08 00:00:00', 120), CONVERT(DATETIME, '2019-04-08 23:59:00', 120), 'Y', 'S0000035', '-1', NULL, 'O0000102', 'Y', 'N', NULL, '관리자', NULL);
INSERT INTO WC_SCHDL_B VALUES ('A01', 'U0000001', '5', '석가탄신일', NULL, NULL, NULL, NULL, NULL, NULL, 'N', NULL, 'U0000001', GETDATE(), NULL, 'S0000041', NULL, NULL, NULL, CONVERT(DATETIME, '2020-04-08 00:00:00', 120), CONVERT(DATETIME, '2020-04-08 23:59:00', 120), 'Y', 'S0000035', '-1', NULL, 'O0000102', 'Y', 'N', NULL, '관리자', NULL);
INSERT INTO WC_SCHDL_B VALUES ('A01', 'U0000001', '5', '석가탄신일', NULL, NULL, NULL, NULL, NULL, NULL, 'N', NULL, 'U0000001', GETDATE(), NULL, 'S0000042', NULL, NULL, NULL, CONVERT(DATETIME, '2021-04-08 00:00:00', 120), CONVERT(DATETIME, '2021-04-08 23:59:00', 120), 'Y', 'S0000035', '-1', NULL, 'O0000102', 'Y', 'N', NULL, '관리자', NULL);
INSERT INTO WC_SCHDL_B VALUES ('A01', 'U0000001', '5', '석가탄신일', NULL, NULL, NULL, NULL, NULL, NULL, 'N', NULL, 'U0000001', GETDATE(), NULL, 'S0000043', NULL, NULL, NULL, CONVERT(DATETIME, '2022-04-08 00:00:00', 120), CONVERT(DATETIME, '2022-04-08 23:59:00', 120), 'Y', 'S0000035', '-1', NULL, 'O0000102', 'Y', 'N', NULL, '관리자', NULL);
INSERT INTO WC_SCHDL_B VALUES ('A01', 'U0000001', '5', '석가탄신일', NULL, NULL, NULL, NULL, NULL, NULL, 'N', NULL, 'U0000001', GETDATE(), NULL, 'S0000044', NULL, NULL, NULL, CONVERT(DATETIME, '2023-04-08 00:00:00', 120), CONVERT(DATETIME, '2023-04-08 23:59:00', 120), 'Y', 'S0000035', '-1', NULL, 'O0000102', 'Y', 'N', NULL, '관리자', NULL);
INSERT INTO WC_SCHDL_B VALUES ('A01', 'U0000001', '5', '석가탄신일', NULL, NULL, NULL, NULL, NULL, NULL, 'N', NULL, 'U0000001', GETDATE(), NULL, 'S0000045', NULL, NULL, NULL, CONVERT(DATETIME, '2024-04-08 00:00:00', 120), CONVERT(DATETIME, '2024-04-08 23:59:00', 120), 'Y', 'S0000035', '-1', NULL, 'O0000102', 'Y', 'N', NULL, '관리자', NULL);
INSERT INTO WC_SCHDL_B VALUES ('A01', 'U0000001', '5', '석가탄신일', NULL, NULL, NULL, NULL, NULL, NULL, 'N', NULL, 'U0000001', GETDATE(), NULL, 'S0000046', NULL, NULL, NULL, CONVERT(DATETIME, '2025-04-08 00:00:00', 120), CONVERT(DATETIME, '2025-04-08 23:59:00', 120), 'Y', 'S0000035', '-1', NULL, 'O0000102', 'Y', 'N', NULL, '관리자', NULL);
INSERT INTO WC_SCHDL_B VALUES ('A01', 'U0000001', '5', '석가탄신일', NULL, NULL, NULL, NULL, NULL, NULL, 'N', NULL, 'U0000001', GETDATE(), NULL, 'S0000047', NULL, NULL, NULL, CONVERT(DATETIME, '2026-04-08 00:00:00', 120), CONVERT(DATETIME, '2026-04-08 23:59:00', 120), 'Y', 'S0000035', '-1', NULL, 'O0000102', 'Y', 'N', NULL, '관리자', NULL);
INSERT INTO WC_SCHDL_B VALUES ('A01', 'U0000001', '5', '석가탄신일', NULL, NULL, NULL, NULL, NULL, NULL, 'N', NULL, 'U0000001', GETDATE(), NULL, 'S0000048', NULL, NULL, NULL, CONVERT(DATETIME, '2027-04-08 00:00:00', 120), CONVERT(DATETIME, '2027-04-08 23:59:00', 120), 'Y', 'S0000035', '-1', NULL, 'O0000102', 'Y', 'N', NULL, '관리자', NULL);
INSERT INTO WC_SCHDL_B VALUES ('A01', 'U0000001', '5', '석가탄신일', NULL, NULL, NULL, NULL, NULL, NULL, 'N', NULL, 'U0000001', GETDATE(), NULL, 'S0000049', NULL, NULL, NULL, CONVERT(DATETIME, '2028-04-08 00:00:00', 120), CONVERT(DATETIME, '2028-04-08 23:59:00', 120), 'Y', 'S0000035', '-1', NULL, 'O0000102', 'Y', 'N', NULL, '관리자', NULL);
INSERT INTO WC_SCHDL_B VALUES ('A01', 'U0000001', '5', '석가탄신일', NULL, NULL, NULL, NULL, NULL, NULL, 'N', NULL, 'U0000001', GETDATE(), NULL, 'S0000050', NULL, NULL, NULL, CONVERT(DATETIME, '2029-04-08 00:00:00', 120), CONVERT(DATETIME, '2029-04-08 23:59:00', 120), 'Y', 'S0000035', '-1', NULL, 'O0000102', 'Y', 'N', NULL, '관리자', NULL);
INSERT INTO WC_SCHDL_B VALUES ('A01', 'U0000001', '5', '석가탄신일', NULL, NULL, NULL, NULL, NULL, NULL, 'N', NULL, 'U0000001', GETDATE(), NULL, 'S0000051', NULL, NULL, NULL, CONVERT(DATETIME, '2030-04-08 00:00:00', 120), CONVERT(DATETIME, '2030-04-08 23:59:00', 120), 'Y', 'S0000035', '-1', NULL, 'O0000102', 'Y', 'N', NULL, '관리자', NULL);
INSERT INTO WC_SCHDL_B VALUES ('A01', 'U0000001', '5', '어린이날', NULL, NULL, NULL, NULL, NULL, NULL, 'N', NULL, 'U0000001', GETDATE(), NULL, 'S0000052', NULL, NULL, NULL, CONVERT(DATETIME, '2014-05-05 00:00:00', 120), CONVERT(DATETIME, '2014-05-05 23:59:00', 120), 'Y', 'S0000052', '-1', NULL, 'O0000102', 'Y', 'Y', NULL, '관리자', NULL);
INSERT INTO WC_SCHDL_B VALUES ('A01', 'U0000001', '5', '어린이날', NULL, NULL, NULL, NULL, NULL, NULL, 'N', NULL, 'U0000001', GETDATE(), NULL, 'S0000053', NULL, NULL, NULL, CONVERT(DATETIME, '2015-05-05 00:00:00', 120), CONVERT(DATETIME, '2015-05-05 23:59:00', 120), 'Y', 'S0000052', '-1', NULL, 'O0000102', 'Y', 'Y', NULL, '관리자', NULL);
INSERT INTO WC_SCHDL_B VALUES ('A01', 'U0000001', '5', '어린이날', NULL, NULL, NULL, NULL, NULL, NULL, 'N', NULL, 'U0000001', GETDATE(), NULL, 'S0000054', NULL, NULL, NULL, CONVERT(DATETIME, '2016-05-05 00:00:00', 120), CONVERT(DATETIME, '2016-05-05 23:59:00', 120), 'Y', 'S0000052', '-1', NULL, 'O0000102', 'Y', 'Y', NULL, '관리자', NULL);
INSERT INTO WC_SCHDL_B VALUES ('A01', 'U0000001', '5', '어린이날', NULL, NULL, NULL, NULL, NULL, NULL, 'N', NULL, 'U0000001', GETDATE(), NULL, 'S0000055', NULL, NULL, NULL, CONVERT(DATETIME, '2017-05-05 00:00:00', 120), CONVERT(DATETIME, '2017-05-05 23:59:00', 120), 'Y', 'S0000052', '-1', NULL, 'O0000102', 'Y', 'Y', NULL, '관리자', NULL);
INSERT INTO WC_SCHDL_B VALUES ('A01', 'U0000001', '5', '어린이날', NULL, NULL, NULL, NULL, NULL, NULL, 'N', NULL, 'U0000001', GETDATE(), NULL, 'S0000056', NULL, NULL, NULL, CONVERT(DATETIME, '2018-05-05 00:00:00', 120), CONVERT(DATETIME, '2018-05-05 23:59:00', 120), 'Y', 'S0000052', '-1', NULL, 'O0000102', 'Y', 'Y', NULL, '관리자', NULL);
INSERT INTO WC_SCHDL_B VALUES ('A01', 'U0000001', '5', '어린이날', NULL, NULL, NULL, NULL, NULL, NULL, 'N', NULL, 'U0000001', GETDATE(), NULL, 'S0000057', NULL, NULL, NULL, CONVERT(DATETIME, '2019-05-05 00:00:00', 120), CONVERT(DATETIME, '2019-05-05 23:59:00', 120), 'Y', 'S0000052', '-1', NULL, 'O0000102', 'Y', 'Y', NULL, '관리자', NULL);
INSERT INTO WC_SCHDL_B VALUES ('A01', 'U0000001', '5', '어린이날', NULL, NULL, NULL, NULL, NULL, NULL, 'N', NULL, 'U0000001', GETDATE(), NULL, 'S0000058', NULL, NULL, NULL, CONVERT(DATETIME, '2020-05-05 00:00:00', 120), CONVERT(DATETIME, '2020-05-05 23:59:00', 120), 'Y', 'S0000052', '-1', NULL, 'O0000102', 'Y', 'Y', NULL, '관리자', NULL);
INSERT INTO WC_SCHDL_B VALUES ('A01', 'U0000001', '5', '어린이날', NULL, NULL, NULL, NULL, NULL, NULL, 'N', NULL, 'U0000001', GETDATE(), NULL, 'S0000059', NULL, NULL, NULL, CONVERT(DATETIME, '2021-05-05 00:00:00', 120), CONVERT(DATETIME, '2021-05-05 23:59:00', 120), 'Y', 'S0000052', '-1', NULL, 'O0000102', 'Y', 'Y', NULL, '관리자', NULL);
INSERT INTO WC_SCHDL_B VALUES ('A01', 'U0000001', '5', '어린이날', NULL, NULL, NULL, NULL, NULL, NULL, 'N', NULL, 'U0000001', GETDATE(), NULL, 'S0000060', NULL, NULL, NULL, CONVERT(DATETIME, '2022-05-05 00:00:00', 120), CONVERT(DATETIME, '2022-05-05 23:59:00', 120), 'Y', 'S0000052', '-1', NULL, 'O0000102', 'Y', 'Y', NULL, '관리자', NULL);
INSERT INTO WC_SCHDL_B VALUES ('A01', 'U0000001', '5', '어린이날', NULL, NULL, NULL, NULL, NULL, NULL, 'N', NULL, 'U0000001', GETDATE(), NULL, 'S0000061', NULL, NULL, NULL, CONVERT(DATETIME, '2023-05-05 00:00:00', 120), CONVERT(DATETIME, '2023-05-05 23:59:00', 120), 'Y', 'S0000052', '-1', NULL, 'O0000102', 'Y', 'Y', NULL, '관리자', NULL);
INSERT INTO WC_SCHDL_B VALUES ('A01', 'U0000001', '5', '어린이날', NULL, NULL, NULL, NULL, NULL, NULL, 'N', NULL, 'U0000001', GETDATE(), NULL, 'S0000062', NULL, NULL, NULL, CONVERT(DATETIME, '2024-05-05 00:00:00', 120), CONVERT(DATETIME, '2024-05-05 23:59:00', 120), 'Y', 'S0000052', '-1', NULL, 'O0000102', 'Y', 'Y', NULL, '관리자', NULL);
INSERT INTO WC_SCHDL_B VALUES ('A01', 'U0000001', '5', '어린이날', NULL, NULL, NULL, NULL, NULL, NULL, 'N', NULL, 'U0000001', GETDATE(), NULL, 'S0000063', NULL, NULL, NULL, CONVERT(DATETIME, '2025-05-05 00:00:00', 120), CONVERT(DATETIME, '2025-05-05 23:59:00', 120), 'Y', 'S0000052', '-1', NULL, 'O0000102', 'Y', 'Y', NULL, '관리자', NULL);
INSERT INTO WC_SCHDL_B VALUES ('A01', 'U0000001', '5', '어린이날', NULL, NULL, NULL, NULL, NULL, NULL, 'N', NULL, 'U0000001', GETDATE(), NULL, 'S0000064', NULL, NULL, NULL, CONVERT(DATETIME, '2026-05-05 00:00:00', 120), CONVERT(DATETIME, '2026-05-05 23:59:00', 120), 'Y', 'S0000052', '-1', NULL, 'O0000102', 'Y', 'Y', NULL, '관리자', NULL);
INSERT INTO WC_SCHDL_B VALUES ('A01', 'U0000001', '5', '어린이날', NULL, NULL, NULL, NULL, NULL, NULL, 'N', NULL, 'U0000001', GETDATE(), NULL, 'S0000065', NULL, NULL, NULL, CONVERT(DATETIME, '2027-05-05 00:00:00', 120), CONVERT(DATETIME, '2027-05-05 23:59:00', 120), 'Y', 'S0000052', '-1', NULL, 'O0000102', 'Y', 'Y', NULL, '관리자', NULL);
INSERT INTO WC_SCHDL_B VALUES ('A01', 'U0000001', '5', '어린이날', NULL, NULL, NULL, NULL, NULL, NULL, 'N', NULL, 'U0000001', GETDATE(), NULL, 'S0000066', NULL, NULL, NULL, CONVERT(DATETIME, '2028-05-05 00:00:00', 120), CONVERT(DATETIME, '2028-05-05 23:59:00', 120), 'Y', 'S0000052', '-1', NULL, 'O0000102', 'Y', 'Y', NULL, '관리자', NULL);
INSERT INTO WC_SCHDL_B VALUES ('A01', 'U0000001', '5', '어린이날', NULL, NULL, NULL, NULL, NULL, NULL, 'N', NULL, 'U0000001', GETDATE(), NULL, 'S0000067', NULL, NULL, NULL, CONVERT(DATETIME, '2029-05-05 00:00:00', 120), CONVERT(DATETIME, '2029-05-05 23:59:00', 120), 'Y', 'S0000052', '-1', NULL, 'O0000102', 'Y', 'Y', NULL, '관리자', NULL);
INSERT INTO WC_SCHDL_B VALUES ('A01', 'U0000001', '5', '어린이날', NULL, NULL, NULL, NULL, NULL, NULL, 'N', NULL, 'U0000001', GETDATE(), NULL, 'S0000068', NULL, NULL, NULL, CONVERT(DATETIME, '2030-05-05 00:00:00', 120), CONVERT(DATETIME, '2030-05-05 23:59:00', 120), 'Y', 'S0000052', '-1', NULL, 'O0000102', 'Y', 'Y', NULL, '관리자', NULL);
INSERT INTO WC_SCHDL_B VALUES ('A01', 'U0000001', '5', '현충일', NULL, NULL, NULL, NULL, NULL, NULL, 'N', NULL, 'U0000001', GETDATE(), NULL, 'S0000069', NULL, NULL, NULL, CONVERT(DATETIME, '2014-06-06 00:00:00', 120), CONVERT(DATETIME, '2014-06-06 23:59:00', 120), 'Y', 'S0000069', '-1', NULL, 'O0000102', 'Y', 'Y', NULL, '관리자', NULL);
INSERT INTO WC_SCHDL_B VALUES ('A01', 'U0000001', '5', '현충일', NULL, NULL, NULL, NULL, NULL, NULL, 'N', NULL, 'U0000001', GETDATE(), NULL, 'S0000070', NULL, NULL, NULL, CONVERT(DATETIME, '2015-06-06 00:00:00', 120), CONVERT(DATETIME, '2015-06-06 23:59:00', 120), 'Y', 'S0000069', '-1', NULL, 'O0000102', 'Y', 'Y', NULL, '관리자', NULL);
INSERT INTO WC_SCHDL_B VALUES ('A01', 'U0000001', '5', '현충일', NULL, NULL, NULL, NULL, NULL, NULL, 'N', NULL, 'U0000001', GETDATE(), NULL, 'S0000071', NULL, NULL, NULL, CONVERT(DATETIME, '2016-06-06 00:00:00', 120), CONVERT(DATETIME, '2016-06-06 23:59:00', 120), 'Y', 'S0000069', '-1', NULL, 'O0000102', 'Y', 'Y', NULL, '관리자', NULL);
INSERT INTO WC_SCHDL_B VALUES ('A01', 'U0000001', '5', '현충일', NULL, NULL, NULL, NULL, NULL, NULL, 'N', NULL, 'U0000001', GETDATE(), NULL, 'S0000072', NULL, NULL, NULL, CONVERT(DATETIME, '2017-06-06 00:00:00', 120), CONVERT(DATETIME, '2017-06-06 23:59:00', 120), 'Y', 'S0000069', '-1', NULL, 'O0000102', 'Y', 'Y', NULL, '관리자', NULL);
INSERT INTO WC_SCHDL_B VALUES ('A01', 'U0000001', '5', '현충일', NULL, NULL, NULL, NULL, NULL, NULL, 'N', NULL, 'U0000001', GETDATE(), NULL, 'S0000073', NULL, NULL, NULL, CONVERT(DATETIME, '2018-06-06 00:00:00', 120), CONVERT(DATETIME, '2018-06-06 23:59:00', 120), 'Y', 'S0000069', '-1', NULL, 'O0000102', 'Y', 'Y', NULL, '관리자', NULL);
INSERT INTO WC_SCHDL_B VALUES ('A01', 'U0000001', '5', '현충일', NULL, NULL, NULL, NULL, NULL, NULL, 'N', NULL, 'U0000001', GETDATE(), NULL, 'S0000074', NULL, NULL, NULL, CONVERT(DATETIME, '2019-06-06 00:00:00', 120), CONVERT(DATETIME, '2019-06-06 23:59:00', 120), 'Y', 'S0000069', '-1', NULL, 'O0000102', 'Y', 'Y', NULL, '관리자', NULL);
INSERT INTO WC_SCHDL_B VALUES ('A01', 'U0000001', '5', '현충일', NULL, NULL, NULL, NULL, NULL, NULL, 'N', NULL, 'U0000001', GETDATE(), NULL, 'S0000075', NULL, NULL, NULL, CONVERT(DATETIME, '2020-06-06 00:00:00', 120), CONVERT(DATETIME, '2020-06-06 23:59:00', 120), 'Y', 'S0000069', '-1', NULL, 'O0000102', 'Y', 'Y', NULL, '관리자', NULL);
INSERT INTO WC_SCHDL_B VALUES ('A01', 'U0000001', '5', '현충일', NULL, NULL, NULL, NULL, NULL, NULL, 'N', NULL, 'U0000001', GETDATE(), NULL, 'S0000076', NULL, NULL, NULL, CONVERT(DATETIME, '2021-06-06 00:00:00', 120), CONVERT(DATETIME, '2021-06-06 23:59:00', 120), 'Y', 'S0000069', '-1', NULL, 'O0000102', 'Y', 'Y', NULL, '관리자', NULL);
INSERT INTO WC_SCHDL_B VALUES ('A01', 'U0000001', '5', '현충일', NULL, NULL, NULL, NULL, NULL, NULL, 'N', NULL, 'U0000001', GETDATE(), NULL, 'S0000077', NULL, NULL, NULL, CONVERT(DATETIME, '2022-06-06 00:00:00', 120), CONVERT(DATETIME, '2022-06-06 23:59:00', 120), 'Y', 'S0000069', '-1', NULL, 'O0000102', 'Y', 'Y', NULL, '관리자', NULL);
INSERT INTO WC_SCHDL_B VALUES ('A01', 'U0000001', '5', '현충일', NULL, NULL, NULL, NULL, NULL, NULL, 'N', NULL, 'U0000001', GETDATE(), NULL, 'S0000078', NULL, NULL, NULL, CONVERT(DATETIME, '2023-06-06 00:00:00', 120), CONVERT(DATETIME, '2023-06-06 23:59:00', 120), 'Y', 'S0000069', '-1', NULL, 'O0000102', 'Y', 'Y', NULL, '관리자', NULL);
INSERT INTO WC_SCHDL_B VALUES ('A01', 'U0000001', '5', '현충일', NULL, NULL, NULL, NULL, NULL, NULL, 'N', NULL, 'U0000001', GETDATE(), NULL, 'S0000079', NULL, NULL, NULL, CONVERT(DATETIME, '2024-06-06 00:00:00', 120), CONVERT(DATETIME, '2024-06-06 23:59:00', 120), 'Y', 'S0000069', '-1', NULL, 'O0000102', 'Y', 'Y', NULL, '관리자', NULL);
INSERT INTO WC_SCHDL_B VALUES ('A01', 'U0000001', '5', '현충일', NULL, NULL, NULL, NULL, NULL, NULL, 'N', NULL, 'U0000001', GETDATE(), NULL, 'S0000080', NULL, NULL, NULL, CONVERT(DATETIME, '2025-06-06 00:00:00', 120), CONVERT(DATETIME, '2025-06-06 23:59:00', 120), 'Y', 'S0000069', '-1', NULL, 'O0000102', 'Y', 'Y', NULL, '관리자', NULL);
INSERT INTO WC_SCHDL_B VALUES ('A01', 'U0000001', '5', '현충일', NULL, NULL, NULL, NULL, NULL, NULL, 'N', NULL, 'U0000001', GETDATE(), NULL, 'S0000081', NULL, NULL, NULL, CONVERT(DATETIME, '2026-06-06 00:00:00', 120), CONVERT(DATETIME, '2026-06-06 23:59:00', 120), 'Y', 'S0000069', '-1', NULL, 'O0000102', 'Y', 'Y', NULL, '관리자', NULL);
INSERT INTO WC_SCHDL_B VALUES ('A01', 'U0000001', '5', '현충일', NULL, NULL, NULL, NULL, NULL, NULL, 'N', NULL, 'U0000001', GETDATE(), NULL, 'S0000082', NULL, NULL, NULL, CONVERT(DATETIME, '2027-06-06 00:00:00', 120), CONVERT(DATETIME, '2027-06-06 23:59:00', 120), 'Y', 'S0000069', '-1', NULL, 'O0000102', 'Y', 'Y', NULL, '관리자', NULL);
INSERT INTO WC_SCHDL_B VALUES ('A01', 'U0000001', '5', '현충일', NULL, NULL, NULL, NULL, NULL, NULL, 'N', NULL, 'U0000001', GETDATE(), NULL, 'S0000083', NULL, NULL, NULL, CONVERT(DATETIME, '2028-06-06 00:00:00', 120), CONVERT(DATETIME, '2028-06-06 23:59:00', 120), 'Y', 'S0000069', '-1', NULL, 'O0000102', 'Y', 'Y', NULL, '관리자', NULL);
INSERT INTO WC_SCHDL_B VALUES ('A01', 'U0000001', '5', '현충일', NULL, NULL, NULL, NULL, NULL, NULL, 'N', NULL, 'U0000001', GETDATE(), NULL, 'S0000084', NULL, NULL, NULL, CONVERT(DATETIME, '2029-06-06 00:00:00', 120), CONVERT(DATETIME, '2029-06-06 23:59:00', 120), 'Y', 'S0000069', '-1', NULL, 'O0000102', 'Y', 'Y', NULL, '관리자', NULL);
INSERT INTO WC_SCHDL_B VALUES ('A01', 'U0000001', '5', '현충일', NULL, NULL, NULL, NULL, NULL, NULL, 'N', NULL, 'U0000001', GETDATE(), NULL, 'S0000085', NULL, NULL, NULL, CONVERT(DATETIME, '2030-06-06 00:00:00', 120), CONVERT(DATETIME, '2030-06-06 23:59:00', 120), 'Y', 'S0000069', '-1', NULL, 'O0000102', 'Y', 'Y', NULL, '관리자', NULL);
INSERT INTO WC_SCHDL_B VALUES ('A01', 'U0000001', '5', '광복절', NULL, NULL, NULL, NULL, NULL, NULL, 'N', NULL, 'U0000001', GETDATE(), NULL, 'S0000086', NULL, NULL, NULL, CONVERT(DATETIME, '2014-08-15 00:00:00', 120), CONVERT(DATETIME, '2014-08-15 23:59:00', 120), 'Y', 'S0000086', '-1', NULL, 'O0000102', 'Y', 'Y', NULL, '관리자', NULL);
INSERT INTO WC_SCHDL_B VALUES ('A01', 'U0000001', '5', '광복절', NULL, NULL, NULL, NULL, NULL, NULL, 'N', NULL, 'U0000001', GETDATE(), NULL, 'S0000087', NULL, NULL, NULL, CONVERT(DATETIME, '2015-08-15 00:00:00', 120), CONVERT(DATETIME, '2015-08-15 23:59:00', 120), 'Y', 'S0000086', '-1', NULL, 'O0000102', 'Y', 'Y', NULL, '관리자', NULL);
INSERT INTO WC_SCHDL_B VALUES ('A01', 'U0000001', '5', '광복절', NULL, NULL, NULL, NULL, NULL, NULL, 'N', NULL, 'U0000001', GETDATE(), NULL, 'S0000088', NULL, NULL, NULL, CONVERT(DATETIME, '2016-08-15 00:00:00', 120), CONVERT(DATETIME, '2016-08-15 23:59:00', 120), 'Y', 'S0000086', '-1', NULL, 'O0000102', 'Y', 'Y', NULL, '관리자', NULL);
INSERT INTO WC_SCHDL_B VALUES ('A01', 'U0000001', '5', '광복절', NULL, NULL, NULL, NULL, NULL, NULL, 'N', NULL, 'U0000001', GETDATE(), NULL, 'S0000089', NULL, NULL, NULL, CONVERT(DATETIME, '2017-08-15 00:00:00', 120), CONVERT(DATETIME, '2017-08-15 23:59:00', 120), 'Y', 'S0000086', '-1', NULL, 'O0000102', 'Y', 'Y', NULL, '관리자', NULL);
INSERT INTO WC_SCHDL_B VALUES ('A01', 'U0000001', '5', '광복절', NULL, NULL, NULL, NULL, NULL, NULL, 'N', NULL, 'U0000001', GETDATE(), NULL, 'S0000090', NULL, NULL, NULL, CONVERT(DATETIME, '2018-08-15 00:00:00', 120), CONVERT(DATETIME, '2018-08-15 23:59:00', 120), 'Y', 'S0000086', '-1', NULL, 'O0000102', 'Y', 'Y', NULL, '관리자', NULL);
INSERT INTO WC_SCHDL_B VALUES ('A01', 'U0000001', '5', '광복절', NULL, NULL, NULL, NULL, NULL, NULL, 'N', NULL, 'U0000001', GETDATE(), NULL, 'S0000091', NULL, NULL, NULL, CONVERT(DATETIME, '2019-08-15 00:00:00', 120), CONVERT(DATETIME, '2019-08-15 23:59:00', 120), 'Y', 'S0000086', '-1', NULL, 'O0000102', 'Y', 'Y', NULL, '관리자', NULL);
INSERT INTO WC_SCHDL_B VALUES ('A01', 'U0000001', '5', '광복절', NULL, NULL, NULL, NULL, NULL, NULL, 'N', NULL, 'U0000001', GETDATE(), NULL, 'S0000092', NULL, NULL, NULL, CONVERT(DATETIME, '2020-08-15 00:00:00', 120), CONVERT(DATETIME, '2020-08-15 23:59:00', 120), 'Y', 'S0000086', '-1', NULL, 'O0000102', 'Y', 'Y', NULL, '관리자', NULL);
INSERT INTO WC_SCHDL_B VALUES ('A01', 'U0000001', '5', '광복절', NULL, NULL, NULL, NULL, NULL, NULL, 'N', NULL, 'U0000001', GETDATE(), NULL, 'S0000093', NULL, NULL, NULL, CONVERT(DATETIME, '2021-08-15 00:00:00', 120), CONVERT(DATETIME, '2021-08-15 23:59:00', 120), 'Y', 'S0000086', '-1', NULL, 'O0000102', 'Y', 'Y', NULL, '관리자', NULL);
INSERT INTO WC_SCHDL_B VALUES ('A01', 'U0000001', '5', '광복절', NULL, NULL, NULL, NULL, NULL, NULL, 'N', NULL, 'U0000001', GETDATE(), NULL, 'S0000094', NULL, NULL, NULL, CONVERT(DATETIME, '2022-08-15 00:00:00', 120), CONVERT(DATETIME, '2022-08-15 23:59:00', 120), 'Y', 'S0000086', '-1', NULL, 'O0000102', 'Y', 'Y', NULL, '관리자', NULL);
INSERT INTO WC_SCHDL_B VALUES ('A01', 'U0000001', '5', '광복절', NULL, NULL, NULL, NULL, NULL, NULL, 'N', NULL, 'U0000001', GETDATE(), NULL, 'S0000095', NULL, NULL, NULL, CONVERT(DATETIME, '2023-08-15 00:00:00', 120), CONVERT(DATETIME, '2023-08-15 23:59:00', 120), 'Y', 'S0000086', '-1', NULL, 'O0000102', 'Y', 'Y', NULL, '관리자', NULL);
INSERT INTO WC_SCHDL_B VALUES ('A01', 'U0000001', '5', '광복절', NULL, NULL, NULL, NULL, NULL, NULL, 'N', NULL, 'U0000001', GETDATE(), NULL, 'S0000096', NULL, NULL, NULL, CONVERT(DATETIME, '2024-08-15 00:00:00', 120), CONVERT(DATETIME, '2024-08-15 23:59:00', 120), 'Y', 'S0000086', '-1', NULL, 'O0000102', 'Y', 'Y', NULL, '관리자', NULL);
INSERT INTO WC_SCHDL_B VALUES ('A01', 'U0000001', '5', '광복절', NULL, NULL, NULL, NULL, NULL, NULL, 'N', NULL, 'U0000001', GETDATE(), NULL, 'S0000097', NULL, NULL, NULL, CONVERT(DATETIME, '2025-08-15 00:00:00', 120), CONVERT(DATETIME, '2025-08-15 23:59:00', 120), 'Y', 'S0000086', '-1', NULL, 'O0000102', 'Y', 'Y', NULL, '관리자', NULL);
INSERT INTO WC_SCHDL_B VALUES ('A01', 'U0000001', '5', '광복절', NULL, NULL, NULL, NULL, NULL, NULL, 'N', NULL, 'U0000001', GETDATE(), NULL, 'S0000098', NULL, NULL, NULL, CONVERT(DATETIME, '2026-08-15 00:00:00', 120), CONVERT(DATETIME, '2026-08-15 23:59:00', 120), 'Y', 'S0000086', '-1', NULL, 'O0000102', 'Y', 'Y', NULL, '관리자', NULL);
INSERT INTO WC_SCHDL_B VALUES ('A01', 'U0000001', '5', '광복절', NULL, NULL, NULL, NULL, NULL, NULL, 'N', NULL, 'U0000001', GETDATE(), NULL, 'S0000099', NULL, NULL, NULL, CONVERT(DATETIME, '2027-08-15 00:00:00', 120), CONVERT(DATETIME, '2027-08-15 23:59:00', 120), 'Y', 'S0000086', '-1', NULL, 'O0000102', 'Y', 'Y', NULL, '관리자', NULL);
INSERT INTO WC_SCHDL_B VALUES ('A01', 'U0000001', '5', '광복절', NULL, NULL, NULL, NULL, NULL, NULL, 'N', NULL, 'U0000001', GETDATE(), NULL, 'S0000100', NULL, NULL, NULL, CONVERT(DATETIME, '2028-08-15 00:00:00', 120), CONVERT(DATETIME, '2028-08-15 23:59:00', 120), 'Y', 'S0000086', '-1', NULL, 'O0000102', 'Y', 'Y', NULL, '관리자', NULL);
INSERT INTO WC_SCHDL_B VALUES ('A01', 'U0000001', '5', '광복절', NULL, NULL, NULL, NULL, NULL, NULL, 'N', NULL, 'U0000001', GETDATE(), NULL, 'S0000101', NULL, NULL, NULL, CONVERT(DATETIME, '2029-08-15 00:00:00', 120), CONVERT(DATETIME, '2029-08-15 23:59:00', 120), 'Y', 'S0000086', '-1', NULL, 'O0000102', 'Y', 'Y', NULL, '관리자', NULL);
INSERT INTO WC_SCHDL_B VALUES ('A01', 'U0000001', '5', '광복절', NULL, NULL, NULL, NULL, NULL, NULL, 'N', NULL, 'U0000001', GETDATE(), NULL, 'S0000102', NULL, NULL, NULL, CONVERT(DATETIME, '2030-08-15 00:00:00', 120), CONVERT(DATETIME, '2030-08-15 23:59:00', 120), 'Y', 'S0000086', '-1', NULL, 'O0000102', 'Y', 'Y', NULL, '관리자', NULL);
INSERT INTO WC_SCHDL_B VALUES ('A01', 'U0000001', '5', '추석', NULL, NULL, NULL, NULL, NULL, NULL, 'N', NULL, 'U0000001', GETDATE(), NULL, 'S0000103', NULL, NULL, NULL, CONVERT(DATETIME, '2014-08-14 00:00:00', 120), CONVERT(DATETIME, '2014-08-16 23:59:00', 120), 'Y', 'S0000103', '-1', NULL, 'O0000102', 'Y', 'N', NULL, '관리자', NULL);
INSERT INTO WC_SCHDL_B VALUES ('A01', 'U0000001', '5', '추석', NULL, NULL, NULL, NULL, NULL, NULL, 'N', NULL, 'U0000001', GETDATE(), NULL, 'S0000104', NULL, NULL, NULL, CONVERT(DATETIME, '2015-08-14 00:00:00', 120), CONVERT(DATETIME, '2015-08-16 23:59:00', 120), 'Y', 'S0000103', '-1', NULL, 'O0000102', 'Y', 'N', NULL, '관리자', NULL);
INSERT INTO WC_SCHDL_B VALUES ('A01', 'U0000001', '5', '추석', NULL, NULL, NULL, NULL, NULL, NULL, 'N', NULL, 'U0000001', GETDATE(), NULL, 'S0000105', NULL, NULL, NULL, CONVERT(DATETIME, '2016-08-14 00:00:00', 120), CONVERT(DATETIME, '2016-08-16 23:59:00', 120), 'Y', 'S0000103', '-1', NULL, 'O0000102', 'Y', 'N', NULL, '관리자', NULL);
INSERT INTO WC_SCHDL_B VALUES ('A01', 'U0000001', '5', '추석', NULL, NULL, NULL, NULL, NULL, NULL, 'N', NULL, 'U0000001', GETDATE(), NULL, 'S0000106', NULL, NULL, NULL, CONVERT(DATETIME, '2017-08-14 00:00:00', 120), CONVERT(DATETIME, '2017-08-16 23:59:00', 120), 'Y', 'S0000103', '-1', NULL, 'O0000102', 'Y', 'N', NULL, '관리자', NULL);
INSERT INTO WC_SCHDL_B VALUES ('A01', 'U0000001', '5', '추석', NULL, NULL, NULL, NULL, NULL, NULL, 'N', NULL, 'U0000001', GETDATE(), NULL, 'S0000107', NULL, NULL, NULL, CONVERT(DATETIME, '2018-08-14 00:00:00', 120), CONVERT(DATETIME, '2018-08-16 23:59:00', 120), 'Y', 'S0000103', '-1', NULL, 'O0000102', 'Y', 'N', NULL, '관리자', NULL);
INSERT INTO WC_SCHDL_B VALUES ('A01', 'U0000001', '5', '추석', NULL, NULL, NULL, NULL, NULL, NULL, 'N', NULL, 'U0000001', GETDATE(), NULL, 'S0000108', NULL, NULL, NULL, CONVERT(DATETIME, '2019-08-14 00:00:00', 120), CONVERT(DATETIME, '2019-08-16 23:59:00', 120), 'Y', 'S0000103', '-1', NULL, 'O0000102', 'Y', 'N', NULL, '관리자', NULL);
INSERT INTO WC_SCHDL_B VALUES ('A01', 'U0000001', '5', '추석', NULL, NULL, NULL, NULL, NULL, NULL, 'N', NULL, 'U0000001', GETDATE(), NULL, 'S0000109', NULL, NULL, NULL, CONVERT(DATETIME, '2020-08-14 00:00:00', 120), CONVERT(DATETIME, '2020-08-16 23:59:00', 120), 'Y', 'S0000103', '-1', NULL, 'O0000102', 'Y', 'N', NULL, '관리자', NULL);
INSERT INTO WC_SCHDL_B VALUES ('A01', 'U0000001', '5', '추석', NULL, NULL, NULL, NULL, NULL, NULL, 'N', NULL, 'U0000001', GETDATE(), NULL, 'S0000110', NULL, NULL, NULL, CONVERT(DATETIME, '2021-08-14 00:00:00', 120), CONVERT(DATETIME, '2021-08-16 23:59:00', 120), 'Y', 'S0000103', '-1', NULL, 'O0000102', 'Y', 'N', NULL, '관리자', NULL);
INSERT INTO WC_SCHDL_B VALUES ('A01', 'U0000001', '5', '추석', NULL, NULL, NULL, NULL, NULL, NULL, 'N', NULL, 'U0000001', GETDATE(), NULL, 'S0000111', NULL, NULL, NULL, CONVERT(DATETIME, '2022-08-14 00:00:00', 120), CONVERT(DATETIME, '2022-08-16 23:59:00', 120), 'Y', 'S0000103', '-1', NULL, 'O0000102', 'Y', 'N', NULL, '관리자', NULL);
INSERT INTO WC_SCHDL_B VALUES ('A01', 'U0000001', '5', '추석', NULL, NULL, NULL, NULL, NULL, NULL, 'N', NULL, 'U0000001', GETDATE(), NULL, 'S0000112', NULL, NULL, NULL, CONVERT(DATETIME, '2023-08-14 00:00:00', 120), CONVERT(DATETIME, '2023-08-16 23:59:00', 120), 'Y', 'S0000103', '-1', NULL, 'O0000102', 'Y', 'N', NULL, '관리자', NULL);
INSERT INTO WC_SCHDL_B VALUES ('A01', 'U0000001', '5', '추석', NULL, NULL, NULL, NULL, NULL, NULL, 'N', NULL, 'U0000001', GETDATE(), NULL, 'S0000113', NULL, NULL, NULL, CONVERT(DATETIME, '2024-08-14 00:00:00', 120), CONVERT(DATETIME, '2024-08-16 23:59:00', 120), 'Y', 'S0000103', '-1', NULL, 'O0000102', 'Y', 'N', NULL, '관리자', NULL);
INSERT INTO WC_SCHDL_B VALUES ('A01', 'U0000001', '5', '추석', NULL, NULL, NULL, NULL, NULL, NULL, 'N', NULL, 'U0000001', GETDATE(), NULL, 'S0000114', NULL, NULL, NULL, CONVERT(DATETIME, '2025-08-14 00:00:00', 120), CONVERT(DATETIME, '2025-08-16 23:59:00', 120), 'Y', 'S0000103', '-1', NULL, 'O0000102', 'Y', 'N', NULL, '관리자', NULL);
INSERT INTO WC_SCHDL_B VALUES ('A01', 'U0000001', '5', '추석', NULL, NULL, NULL, NULL, NULL, NULL, 'N', NULL, 'U0000001', GETDATE(), NULL, 'S0000115', NULL, NULL, NULL, CONVERT(DATETIME, '2026-08-14 00:00:00', 120), CONVERT(DATETIME, '2026-08-16 23:59:00', 120), 'Y', 'S0000103', '-1', NULL, 'O0000102', 'Y', 'N', NULL, '관리자', NULL);
INSERT INTO WC_SCHDL_B VALUES ('A01', 'U0000001', '5', '추석', NULL, NULL, NULL, NULL, NULL, NULL, 'N', NULL, 'U0000001', GETDATE(), NULL, 'S0000116', NULL, NULL, NULL, CONVERT(DATETIME, '2027-08-14 00:00:00', 120), CONVERT(DATETIME, '2027-08-16 23:59:00', 120), 'Y', 'S0000103', '-1', NULL, 'O0000102', 'Y', 'N', NULL, '관리자', NULL);
INSERT INTO WC_SCHDL_B VALUES ('A01', 'U0000001', '5', '추석', NULL, NULL, NULL, NULL, NULL, NULL, 'N', NULL, 'U0000001', GETDATE(), NULL, 'S0000117', NULL, NULL, NULL, CONVERT(DATETIME, '2028-08-14 00:00:00', 120), CONVERT(DATETIME, '2028-08-16 23:59:00', 120), 'Y', 'S0000103', '-1', NULL, 'O0000102', 'Y', 'N', NULL, '관리자', NULL);
INSERT INTO WC_SCHDL_B VALUES ('A01', 'U0000001', '5', '추석', NULL, NULL, NULL, NULL, NULL, NULL, 'N', NULL, 'U0000001', GETDATE(), NULL, 'S0000118', NULL, NULL, NULL, CONVERT(DATETIME, '2029-08-14 00:00:00', 120), CONVERT(DATETIME, '2029-08-16 23:59:00', 120), 'Y', 'S0000103', '-1', NULL, 'O0000102', 'Y', 'N', NULL, '관리자', NULL);
INSERT INTO WC_SCHDL_B VALUES ('A01', 'U0000001', '5', '추석', NULL, NULL, NULL, NULL, NULL, NULL, 'N', NULL, 'U0000001', GETDATE(), NULL, 'S0000119', NULL, NULL, NULL, CONVERT(DATETIME, '2030-08-14 00:00:00', 120), CONVERT(DATETIME, '2030-08-16 23:59:00', 120), 'Y', 'S0000103', '-1', NULL, 'O0000102', 'Y', 'N', NULL, '관리자', NULL);
INSERT INTO WC_SCHDL_B VALUES ('A01', 'U0000001', '5', '개천절', NULL, NULL, NULL, NULL, NULL, NULL, 'N', NULL, 'U0000001', GETDATE(), NULL, 'S0000120', NULL, NULL, NULL, CONVERT(DATETIME, '2014-10-03 00:00:00', 120), CONVERT(DATETIME, '2014-10-03 23:59:00', 120), 'Y', 'S0000120', '-1', NULL, 'O0000102', 'Y', 'Y', NULL, '관리자', NULL);
INSERT INTO WC_SCHDL_B VALUES ('A01', 'U0000001', '5', '개천절', NULL, NULL, NULL, NULL, NULL, NULL, 'N', NULL, 'U0000001', GETDATE(), NULL, 'S0000121', NULL, NULL, NULL, CONVERT(DATETIME, '2015-10-03 00:00:00', 120), CONVERT(DATETIME, '2015-10-03 23:59:00', 120), 'Y', 'S0000120', '-1', NULL, 'O0000102', 'Y', 'Y', NULL, '관리자', NULL);
INSERT INTO WC_SCHDL_B VALUES ('A01', 'U0000001', '5', '개천절', NULL, NULL, NULL, NULL, NULL, NULL, 'N', NULL, 'U0000001', GETDATE(), NULL, 'S0000122', NULL, NULL, NULL, CONVERT(DATETIME, '2016-10-03 00:00:00', 120), CONVERT(DATETIME, '2016-10-03 23:59:00', 120), 'Y', 'S0000120', '-1', NULL, 'O0000102', 'Y', 'Y', NULL, '관리자', NULL);
INSERT INTO WC_SCHDL_B VALUES ('A01', 'U0000001', '5', '개천절', NULL, NULL, NULL, NULL, NULL, NULL, 'N', NULL, 'U0000001', GETDATE(), NULL, 'S0000123', NULL, NULL, NULL, CONVERT(DATETIME, '2017-10-03 00:00:00', 120), CONVERT(DATETIME, '2017-10-03 23:59:00', 120), 'Y', 'S0000120', '-1', NULL, 'O0000102', 'Y', 'Y', NULL, '관리자', NULL);
INSERT INTO WC_SCHDL_B VALUES ('A01', 'U0000001', '5', '개천절', NULL, NULL, NULL, NULL, NULL, NULL, 'N', NULL, 'U0000001', GETDATE(), NULL, 'S0000124', NULL, NULL, NULL, CONVERT(DATETIME, '2018-10-03 00:00:00', 120), CONVERT(DATETIME, '2018-10-03 23:59:00', 120), 'Y', 'S0000120', '-1', NULL, 'O0000102', 'Y', 'Y', NULL, '관리자', NULL);
INSERT INTO WC_SCHDL_B VALUES ('A01', 'U0000001', '5', '개천절', NULL, NULL, NULL, NULL, NULL, NULL, 'N', NULL, 'U0000001', GETDATE(), NULL, 'S0000125', NULL, NULL, NULL, CONVERT(DATETIME, '2019-10-03 00:00:00', 120), CONVERT(DATETIME, '2019-10-03 23:59:00', 120), 'Y', 'S0000120', '-1', NULL, 'O0000102', 'Y', 'Y', NULL, '관리자', NULL);
INSERT INTO WC_SCHDL_B VALUES ('A01', 'U0000001', '5', '개천절', NULL, NULL, NULL, NULL, NULL, NULL, 'N', NULL, 'U0000001', GETDATE(), NULL, 'S0000126', NULL, NULL, NULL, CONVERT(DATETIME, '2020-10-03 00:00:00', 120), CONVERT(DATETIME, '2020-10-03 23:59:00', 120), 'Y', 'S0000120', '-1', NULL, 'O0000102', 'Y', 'Y', NULL, '관리자', NULL);
INSERT INTO WC_SCHDL_B VALUES ('A01', 'U0000001', '5', '개천절', NULL, NULL, NULL, NULL, NULL, NULL, 'N', NULL, 'U0000001', GETDATE(), NULL, 'S0000127', NULL, NULL, NULL, CONVERT(DATETIME, '2021-10-03 00:00:00', 120), CONVERT(DATETIME, '2021-10-03 23:59:00', 120), 'Y', 'S0000120', '-1', NULL, 'O0000102', 'Y', 'Y', NULL, '관리자', NULL);
INSERT INTO WC_SCHDL_B VALUES ('A01', 'U0000001', '5', '개천절', NULL, NULL, NULL, NULL, NULL, NULL, 'N', NULL, 'U0000001', GETDATE(), NULL, 'S0000128', NULL, NULL, NULL, CONVERT(DATETIME, '2022-10-03 00:00:00', 120), CONVERT(DATETIME, '2022-10-03 23:59:00', 120), 'Y', 'S0000120', '-1', NULL, 'O0000102', 'Y', 'Y', NULL, '관리자', NULL);
INSERT INTO WC_SCHDL_B VALUES ('A01', 'U0000001', '5', '개천절', NULL, NULL, NULL, NULL, NULL, NULL, 'N', NULL, 'U0000001', GETDATE(), NULL, 'S0000129', NULL, NULL, NULL, CONVERT(DATETIME, '2023-10-03 00:00:00', 120), CONVERT(DATETIME, '2023-10-03 23:59:00', 120), 'Y', 'S0000120', '-1', NULL, 'O0000102', 'Y', 'Y', NULL, '관리자', NULL);
INSERT INTO WC_SCHDL_B VALUES ('A01', 'U0000001', '5', '개천절', NULL, NULL, NULL, NULL, NULL, NULL, 'N', NULL, 'U0000001', GETDATE(), NULL, 'S0000130', NULL, NULL, NULL, CONVERT(DATETIME, '2024-10-03 00:00:00', 120), CONVERT(DATETIME, '2024-10-03 23:59:00', 120), 'Y', 'S0000120', '-1', NULL, 'O0000102', 'Y', 'Y', NULL, '관리자', NULL);
INSERT INTO WC_SCHDL_B VALUES ('A01', 'U0000001', '5', '개천절', NULL, NULL, NULL, NULL, NULL, NULL, 'N', NULL, 'U0000001', GETDATE(), NULL, 'S0000131', NULL, NULL, NULL, CONVERT(DATETIME, '2025-10-03 00:00:00', 120), CONVERT(DATETIME, '2025-10-03 23:59:00', 120), 'Y', 'S0000120', '-1', NULL, 'O0000102', 'Y', 'Y', NULL, '관리자', NULL);
INSERT INTO WC_SCHDL_B VALUES ('A01', 'U0000001', '5', '개천절', NULL, NULL, NULL, NULL, NULL, NULL, 'N', NULL, 'U0000001', GETDATE(), NULL, 'S0000132', NULL, NULL, NULL, CONVERT(DATETIME, '2026-10-03 00:00:00', 120), CONVERT(DATETIME, '2026-10-03 23:59:00', 120), 'Y', 'S0000120', '-1', NULL, 'O0000102', 'Y', 'Y', NULL, '관리자', NULL);
INSERT INTO WC_SCHDL_B VALUES ('A01', 'U0000001', '5', '개천절', NULL, NULL, NULL, NULL, NULL, NULL, 'N', NULL, 'U0000001', GETDATE(), NULL, 'S0000133', NULL, NULL, NULL, CONVERT(DATETIME, '2027-10-03 00:00:00', 120), CONVERT(DATETIME, '2027-10-03 23:59:00', 120), 'Y', 'S0000120', '-1', NULL, 'O0000102', 'Y', 'Y', NULL, '관리자', NULL);
INSERT INTO WC_SCHDL_B VALUES ('A01', 'U0000001', '5', '개천절', NULL, NULL, NULL, NULL, NULL, NULL, 'N', NULL, 'U0000001', GETDATE(), NULL, 'S0000134', NULL, NULL, NULL, CONVERT(DATETIME, '2028-10-03 00:00:00', 120), CONVERT(DATETIME, '2028-10-03 23:59:00', 120), 'Y', 'S0000120', '-1', NULL, 'O0000102', 'Y', 'Y', NULL, '관리자', NULL);
INSERT INTO WC_SCHDL_B VALUES ('A01', 'U0000001', '5', '개천절', NULL, NULL, NULL, NULL, NULL, NULL, 'N', NULL, 'U0000001', GETDATE(), NULL, 'S0000135', NULL, NULL, NULL, CONVERT(DATETIME, '2029-10-03 00:00:00', 120), CONVERT(DATETIME, '2029-10-03 23:59:00', 120), 'Y', 'S0000120', '-1', NULL, 'O0000102', 'Y', 'Y', NULL, '관리자', NULL);
INSERT INTO WC_SCHDL_B VALUES ('A01', 'U0000001', '5', '개천절', NULL, NULL, NULL, NULL, NULL, NULL, 'N', NULL, 'U0000001', GETDATE(), NULL, 'S0000136', NULL, NULL, NULL, CONVERT(DATETIME, '2030-10-03 00:00:00', 120), CONVERT(DATETIME, '2030-10-03 23:59:00', 120), 'Y', 'S0000120', '-1', NULL, 'O0000102', 'Y', 'Y', NULL, '관리자', NULL);
INSERT INTO WC_SCHDL_B VALUES ('A01', 'U0000001', '5', '한글날', NULL, NULL, NULL, NULL, NULL, NULL, 'N', NULL, 'U0000001', GETDATE(), NULL, 'S0000137', NULL, NULL, NULL, CONVERT(DATETIME, '2014-10-09 00:00:00', 120), CONVERT(DATETIME, '2014-10-09 23:59:00', 120), 'Y', 'S0000137', '-1', NULL, 'O0000102', 'Y', 'Y', NULL, '관리자', NULL);
INSERT INTO WC_SCHDL_B VALUES ('A01', 'U0000001', '5', '한글날', NULL, NULL, NULL, NULL, NULL, NULL, 'N', NULL, 'U0000001', GETDATE(), NULL, 'S0000138', NULL, NULL, NULL, CONVERT(DATETIME, '2015-10-09 00:00:00', 120), CONVERT(DATETIME, '2015-10-09 23:59:00', 120), 'Y', 'S0000137', '-1', NULL, 'O0000102', 'Y', 'Y', NULL, '관리자', NULL);
INSERT INTO WC_SCHDL_B VALUES ('A01', 'U0000001', '5', '한글날', NULL, NULL, NULL, NULL, NULL, NULL, 'N', NULL, 'U0000001', GETDATE(), NULL, 'S0000139', NULL, NULL, NULL, CONVERT(DATETIME, '2016-10-09 00:00:00', 120), CONVERT(DATETIME, '2016-10-09 23:59:00', 120), 'Y', 'S0000137', '-1', NULL, 'O0000102', 'Y', 'Y', NULL, '관리자', NULL);
INSERT INTO WC_SCHDL_B VALUES ('A01', 'U0000001', '5', '한글날', NULL, NULL, NULL, NULL, NULL, NULL, 'N', NULL, 'U0000001', GETDATE(), NULL, 'S0000140', NULL, NULL, NULL, CONVERT(DATETIME, '2017-10-09 00:00:00', 120), CONVERT(DATETIME, '2017-10-09 23:59:00', 120), 'Y', 'S0000137', '-1', NULL, 'O0000102', 'Y', 'Y', NULL, '관리자', NULL);
INSERT INTO WC_SCHDL_B VALUES ('A01', 'U0000001', '5', '한글날', NULL, NULL, NULL, NULL, NULL, NULL, 'N', NULL, 'U0000001', GETDATE(), NULL, 'S0000141', NULL, NULL, NULL, CONVERT(DATETIME, '2018-10-09 00:00:00', 120), CONVERT(DATETIME, '2018-10-09 23:59:00', 120), 'Y', 'S0000137', '-1', NULL, 'O0000102', 'Y', 'Y', NULL, '관리자', NULL);
INSERT INTO WC_SCHDL_B VALUES ('A01', 'U0000001', '5', '한글날', NULL, NULL, NULL, NULL, NULL, NULL, 'N', NULL, 'U0000001', GETDATE(), NULL, 'S0000142', NULL, NULL, NULL, CONVERT(DATETIME, '2019-10-09 00:00:00', 120), CONVERT(DATETIME, '2019-10-09 23:59:00', 120), 'Y', 'S0000137', '-1', NULL, 'O0000102', 'Y', 'Y', NULL, '관리자', NULL);
INSERT INTO WC_SCHDL_B VALUES ('A01', 'U0000001', '5', '한글날', NULL, NULL, NULL, NULL, NULL, NULL, 'N', NULL, 'U0000001', GETDATE(), NULL, 'S0000143', NULL, NULL, NULL, CONVERT(DATETIME, '2020-10-09 00:00:00', 120), CONVERT(DATETIME, '2020-10-09 23:59:00', 120), 'Y', 'S0000137', '-1', NULL, 'O0000102', 'Y', 'Y', NULL, '관리자', NULL);
INSERT INTO WC_SCHDL_B VALUES ('A01', 'U0000001', '5', '한글날', NULL, NULL, NULL, NULL, NULL, NULL, 'N', NULL, 'U0000001', GETDATE(), NULL, 'S0000144', NULL, NULL, NULL, CONVERT(DATETIME, '2021-10-09 00:00:00', 120), CONVERT(DATETIME, '2021-10-09 23:59:00', 120), 'Y', 'S0000137', '-1', NULL, 'O0000102', 'Y', 'Y', NULL, '관리자', NULL);
INSERT INTO WC_SCHDL_B VALUES ('A01', 'U0000001', '5', '한글날', NULL, NULL, NULL, NULL, NULL, NULL, 'N', NULL, 'U0000001', GETDATE(), NULL, 'S0000145', NULL, NULL, NULL, CONVERT(DATETIME, '2022-10-09 00:00:00', 120), CONVERT(DATETIME, '2022-10-09 23:59:00', 120), 'Y', 'S0000137', '-1', NULL, 'O0000102', 'Y', 'Y', NULL, '관리자', NULL);
INSERT INTO WC_SCHDL_B VALUES ('A01', 'U0000001', '5', '한글날', NULL, NULL, NULL, NULL, NULL, NULL, 'N', NULL, 'U0000001', GETDATE(), NULL, 'S0000146', NULL, NULL, NULL, CONVERT(DATETIME, '2023-10-09 00:00:00', 120), CONVERT(DATETIME, '2023-10-09 23:59:00', 120), 'Y', 'S0000137', '-1', NULL, 'O0000102', 'Y', 'Y', NULL, '관리자', NULL);
INSERT INTO WC_SCHDL_B VALUES ('A01', 'U0000001', '5', '한글날', NULL, NULL, NULL, NULL, NULL, NULL, 'N', NULL, 'U0000001', GETDATE(), NULL, 'S0000147', NULL, NULL, NULL, CONVERT(DATETIME, '2024-10-09 00:00:00', 120), CONVERT(DATETIME, '2024-10-09 23:59:00', 120), 'Y', 'S0000137', '-1', NULL, 'O0000102', 'Y', 'Y', NULL, '관리자', NULL);
INSERT INTO WC_SCHDL_B VALUES ('A01', 'U0000001', '5', '한글날', NULL, NULL, NULL, NULL, NULL, NULL, 'N', NULL, 'U0000001', GETDATE(), NULL, 'S0000148', NULL, NULL, NULL, CONVERT(DATETIME, '2025-10-09 00:00:00', 120), CONVERT(DATETIME, '2025-10-09 23:59:00', 120), 'Y', 'S0000137', '-1', NULL, 'O0000102', 'Y', 'Y', NULL, '관리자', NULL);
INSERT INTO WC_SCHDL_B VALUES ('A01', 'U0000001', '5', '한글날', NULL, NULL, NULL, NULL, NULL, NULL, 'N', NULL, 'U0000001', GETDATE(), NULL, 'S0000149', NULL, NULL, NULL, CONVERT(DATETIME, '2026-10-09 00:00:00', 120), CONVERT(DATETIME, '2026-10-09 23:59:00', 120), 'Y', 'S0000137', '-1', NULL, 'O0000102', 'Y', 'Y', NULL, '관리자', NULL);
INSERT INTO WC_SCHDL_B VALUES ('A01', 'U0000001', '5', '한글날', NULL, NULL, NULL, NULL, NULL, NULL, 'N', NULL, 'U0000001', GETDATE(), NULL, 'S0000150', NULL, NULL, NULL, CONVERT(DATETIME, '2027-10-09 00:00:00', 120), CONVERT(DATETIME, '2027-10-09 23:59:00', 120), 'Y', 'S0000137', '-1', NULL, 'O0000102', 'Y', 'Y', NULL, '관리자', NULL);
INSERT INTO WC_SCHDL_B VALUES ('A01', 'U0000001', '5', '한글날', NULL, NULL, NULL, NULL, NULL, NULL, 'N', NULL, 'U0000001', GETDATE(), NULL, 'S0000151', NULL, NULL, NULL, CONVERT(DATETIME, '2028-10-09 00:00:00', 120), CONVERT(DATETIME, '2028-10-09 23:59:00', 120), 'Y', 'S0000137', '-1', NULL, 'O0000102', 'Y', 'Y', NULL, '관리자', NULL);
INSERT INTO WC_SCHDL_B VALUES ('A01', 'U0000001', '5', '한글날', NULL, NULL, NULL, NULL, NULL, NULL, 'N', NULL, 'U0000001', GETDATE(), NULL, 'S0000152', NULL, NULL, NULL, CONVERT(DATETIME, '2029-10-09 00:00:00', 120), CONVERT(DATETIME, '2029-10-09 23:59:00', 120), 'Y', 'S0000137', '-1', NULL, 'O0000102', 'Y', 'Y', NULL, '관리자', NULL);
INSERT INTO WC_SCHDL_B VALUES ('A01', 'U0000001', '5', '한글날', NULL, NULL, NULL, NULL, NULL, NULL, 'N', NULL, 'U0000001', GETDATE(), NULL, 'S0000153', NULL, NULL, NULL, CONVERT(DATETIME, '2030-10-09 00:00:00', 120), CONVERT(DATETIME, '2030-10-09 23:59:00', 120), 'Y', 'S0000137', '-1', NULL, 'O0000102', 'Y', 'Y', NULL, '관리자', NULL);
INSERT INTO WC_SCHDL_B VALUES ('A01', 'U0000001', '5', '성탄절', NULL, NULL, NULL, NULL, NULL, NULL, 'N', NULL, 'U0000001', GETDATE(), NULL, 'S0000154', NULL, NULL, NULL, CONVERT(DATETIME, '2014-12-25 00:00:00', 120), CONVERT(DATETIME, '2014-12-25 23:59:00', 120), 'Y', 'S0000154', '-1', NULL, 'O0000102', 'Y', 'Y', NULL, '관리자', NULL);
INSERT INTO WC_SCHDL_B VALUES ('A01', 'U0000001', '5', '성탄절', NULL, NULL, NULL, NULL, NULL, NULL, 'N', NULL, 'U0000001', GETDATE(), NULL, 'S0000155', NULL, NULL, NULL, CONVERT(DATETIME, '2015-12-25 00:00:00', 120), CONVERT(DATETIME, '2015-12-25 23:59:00', 120), 'Y', 'S0000154', '-1', NULL, 'O0000102', 'Y', 'Y', NULL, '관리자', NULL);
INSERT INTO WC_SCHDL_B VALUES ('A01', 'U0000001', '5', '성탄절', NULL, NULL, NULL, NULL, NULL, NULL, 'N', NULL, 'U0000001', GETDATE(), NULL, 'S0000156', NULL, NULL, NULL, CONVERT(DATETIME, '2016-12-25 00:00:00', 120), CONVERT(DATETIME, '2016-12-25 23:59:00', 120), 'Y', 'S0000154', '-1', NULL, 'O0000102', 'Y', 'Y', NULL, '관리자', NULL);
INSERT INTO WC_SCHDL_B VALUES ('A01', 'U0000001', '5', '성탄절', NULL, NULL, NULL, NULL, NULL, NULL, 'N', NULL, 'U0000001', GETDATE(), NULL, 'S0000157', NULL, NULL, NULL, CONVERT(DATETIME, '2017-12-25 00:00:00', 120), CONVERT(DATETIME, '2017-12-25 23:59:00', 120), 'Y', 'S0000154', '-1', NULL, 'O0000102', 'Y', 'Y', NULL, '관리자', NULL);
INSERT INTO WC_SCHDL_B VALUES ('A01', 'U0000001', '5', '성탄절', NULL, NULL, NULL, NULL, NULL, NULL, 'N', NULL, 'U0000001', GETDATE(), NULL, 'S0000158', NULL, NULL, NULL, CONVERT(DATETIME, '2018-12-25 00:00:00', 120), CONVERT(DATETIME, '2018-12-25 23:59:00', 120), 'Y', 'S0000154', '-1', NULL, 'O0000102', 'Y', 'Y', NULL, '관리자', NULL);
INSERT INTO WC_SCHDL_B VALUES ('A01', 'U0000001', '5', '성탄절', NULL, NULL, NULL, NULL, NULL, NULL, 'N', NULL, 'U0000001', GETDATE(), NULL, 'S0000159', NULL, NULL, NULL, CONVERT(DATETIME, '2019-12-25 00:00:00', 120), CONVERT(DATETIME, '2019-12-25 23:59:00', 120), 'Y', 'S0000154', '-1', NULL, 'O0000102', 'Y', 'Y', NULL, '관리자', NULL);
INSERT INTO WC_SCHDL_B VALUES ('A01', 'U0000001', '5', '성탄절', NULL, NULL, NULL, NULL, NULL, NULL, 'N', NULL, 'U0000001', GETDATE(), NULL, 'S0000160', NULL, NULL, NULL, CONVERT(DATETIME, '2020-12-25 00:00:00', 120), CONVERT(DATETIME, '2020-12-25 23:59:00', 120), 'Y', 'S0000154', '-1', NULL, 'O0000102', 'Y', 'Y', NULL, '관리자', NULL);
INSERT INTO WC_SCHDL_B VALUES ('A01', 'U0000001', '5', '성탄절', NULL, NULL, NULL, NULL, NULL, NULL, 'N', NULL, 'U0000001', GETDATE(), NULL, 'S0000161', NULL, NULL, NULL, CONVERT(DATETIME, '2021-12-25 00:00:00', 120), CONVERT(DATETIME, '2021-12-25 23:59:00', 120), 'Y', 'S0000154', '-1', NULL, 'O0000102', 'Y', 'Y', NULL, '관리자', NULL);
INSERT INTO WC_SCHDL_B VALUES ('A01', 'U0000001', '5', '성탄절', NULL, NULL, NULL, NULL, NULL, NULL, 'N', NULL, 'U0000001', GETDATE(), NULL, 'S0000162', NULL, NULL, NULL, CONVERT(DATETIME, '2022-12-25 00:00:00', 120), CONVERT(DATETIME, '2022-12-25 23:59:00', 120), 'Y', 'S0000154', '-1', NULL, 'O0000102', 'Y', 'Y', NULL, '관리자', NULL);
INSERT INTO WC_SCHDL_B VALUES ('A01', 'U0000001', '5', '성탄절', NULL, NULL, NULL, NULL, NULL, NULL, 'N', NULL, 'U0000001', GETDATE(), NULL, 'S0000163', NULL, NULL, NULL, CONVERT(DATETIME, '2023-12-25 00:00:00', 120), CONVERT(DATETIME, '2023-12-25 23:59:00', 120), 'Y', 'S0000154', '-1', NULL, 'O0000102', 'Y', 'Y', NULL, '관리자', NULL);
INSERT INTO WC_SCHDL_B VALUES ('A01', 'U0000001', '5', '성탄절', NULL, NULL, NULL, NULL, NULL, NULL, 'N', NULL, 'U0000001', GETDATE(), NULL, 'S0000164', NULL, NULL, NULL, CONVERT(DATETIME, '2024-12-25 00:00:00', 120), CONVERT(DATETIME, '2024-12-25 23:59:00', 120), 'Y', 'S0000154', '-1', NULL, 'O0000102', 'Y', 'Y', NULL, '관리자', NULL);
INSERT INTO WC_SCHDL_B VALUES ('A01', 'U0000001', '5', '성탄절', NULL, NULL, NULL, NULL, NULL, NULL, 'N', NULL, 'U0000001', GETDATE(), NULL, 'S0000165', NULL, NULL, NULL, CONVERT(DATETIME, '2025-12-25 00:00:00', 120), CONVERT(DATETIME, '2025-12-25 23:59:00', 120), 'Y', 'S0000154', '-1', NULL, 'O0000102', 'Y', 'Y', NULL, '관리자', NULL);
INSERT INTO WC_SCHDL_B VALUES ('A01', 'U0000001', '5', '성탄절', NULL, NULL, NULL, NULL, NULL, NULL, 'N', NULL, 'U0000001', GETDATE(), NULL, 'S0000166', NULL, NULL, NULL, CONVERT(DATETIME, '2026-12-25 00:00:00', 120), CONVERT(DATETIME, '2026-12-25 23:59:00', 120), 'Y', 'S0000154', '-1', NULL, 'O0000102', 'Y', 'Y', NULL, '관리자', NULL);
INSERT INTO WC_SCHDL_B VALUES ('A01', 'U0000001', '5', '성탄절', NULL, NULL, NULL, NULL, NULL, NULL, 'N', NULL, 'U0000001', GETDATE(), NULL, 'S0000167', NULL, NULL, NULL, CONVERT(DATETIME, '2027-12-25 00:00:00', 120), CONVERT(DATETIME, '2027-12-25 23:59:00', 120), 'Y', 'S0000154', '-1', NULL, 'O0000102', 'Y', 'Y', NULL, '관리자', NULL);
INSERT INTO WC_SCHDL_B VALUES ('A01', 'U0000001', '5', '성탄절', NULL, NULL, NULL, NULL, NULL, NULL, 'N', NULL, 'U0000001', GETDATE(), NULL, 'S0000168', NULL, NULL, NULL, CONVERT(DATETIME, '2028-12-25 00:00:00', 120), CONVERT(DATETIME, '2028-12-25 23:59:00', 120), 'Y', 'S0000154', '-1', NULL, 'O0000102', 'Y', 'Y', NULL, '관리자', NULL);
INSERT INTO WC_SCHDL_B VALUES ('A01', 'U0000001', '5', '성탄절', NULL, NULL, NULL, NULL, NULL, NULL, 'N', NULL, 'U0000001', GETDATE(), NULL, 'S0000169', NULL, NULL, NULL, CONVERT(DATETIME, '2029-12-25 00:00:00', 120), CONVERT(DATETIME, '2029-12-25 23:59:00', 120), 'Y', 'S0000154', '-1', NULL, 'O0000102', 'Y', 'Y', NULL, '관리자', NULL);
INSERT INTO WC_SCHDL_B VALUES ('A01', 'U0000001', '5', '성탄절', NULL, NULL, NULL, NULL, NULL, NULL, 'N', NULL, 'U0000001', GETDATE(), NULL, 'S0000170', NULL, NULL, NULL, CONVERT(DATETIME, '2030-12-25 00:00:00', 120), CONVERT(DATETIME, '2030-12-25 23:59:00', 120), 'Y', 'S0000154', '-1', NULL, 'O0000102', 'Y', 'Y', NULL, '관리자', NULL);
INSERT INTO WC_SCHDL_B VALUES ('A01', 'U0000001', '5', '신정', NULL, NULL, NULL, NULL, NULL, NULL, 'N', NULL, 'U0000001', GETDATE(), NULL, 'S0000171', NULL, NULL, NULL, CONVERT(DATETIME, '2014-01-01 00:00:00', 120), CONVERT(DATETIME, '2014-01-01 23:59:00', 120), 'Y', 'S0000171', '-1', NULL, 'O0000102', 'Y', 'Y', NULL, '관리자', NULL);
INSERT INTO WC_SCHDL_B VALUES ('A01', 'U0000001', '5', '신정', NULL, NULL, NULL, NULL, NULL, NULL, 'N', NULL, 'U0000001', GETDATE(), NULL, 'S0000172', NULL, NULL, NULL, CONVERT(DATETIME, '2015-01-01 00:00:00', 120), CONVERT(DATETIME, '2015-01-01 23:59:00', 120), 'Y', 'S0000171', '-1', NULL, 'O0000102', 'Y', 'Y', NULL, '관리자', NULL);
INSERT INTO WC_SCHDL_B VALUES ('A01', 'U0000001', '5', '신정', NULL, NULL, NULL, NULL, NULL, NULL, 'N', NULL, 'U0000001', GETDATE(), NULL, 'S0000173', NULL, NULL, NULL, CONVERT(DATETIME, '2016-01-01 00:00:00', 120), CONVERT(DATETIME, '2016-01-01 23:59:00', 120), 'Y', 'S0000171', '-1', NULL, 'O0000102', 'Y', 'Y', NULL, '관리자', NULL);
INSERT INTO WC_SCHDL_B VALUES ('A01', 'U0000001', '5', '신정', NULL, NULL, NULL, NULL, NULL, NULL, 'N', NULL, 'U0000001', GETDATE(), NULL, 'S0000174', NULL, NULL, NULL, CONVERT(DATETIME, '2017-01-01 00:00:00', 120), CONVERT(DATETIME, '2017-01-01 23:59:00', 120), 'Y', 'S0000171', '-1', NULL, 'O0000102', 'Y', 'Y', NULL, '관리자', NULL);
INSERT INTO WC_SCHDL_B VALUES ('A01', 'U0000001', '5', '신정', NULL, NULL, NULL, NULL, NULL, NULL, 'N', NULL, 'U0000001', GETDATE(), NULL, 'S0000175', NULL, NULL, NULL, CONVERT(DATETIME, '2018-01-01 00:00:00', 120), CONVERT(DATETIME, '2018-01-01 23:59:00', 120), 'Y', 'S0000171', '-1', NULL, 'O0000102', 'Y', 'Y', NULL, '관리자', NULL);
INSERT INTO WC_SCHDL_B VALUES ('A01', 'U0000001', '5', '신정', NULL, NULL, NULL, NULL, NULL, NULL, 'N', NULL, 'U0000001', GETDATE(), NULL, 'S0000176', NULL, NULL, NULL, CONVERT(DATETIME, '2019-01-01 00:00:00', 120), CONVERT(DATETIME, '2019-01-01 23:59:00', 120), 'Y', 'S0000171', '-1', NULL, 'O0000102', 'Y', 'Y', NULL, '관리자', NULL);
INSERT INTO WC_SCHDL_B VALUES ('A01', 'U0000001', '5', '신정', NULL, NULL, NULL, NULL, NULL, NULL, 'N', NULL, 'U0000001', GETDATE(), NULL, 'S0000177', NULL, NULL, NULL, CONVERT(DATETIME, '2020-01-01 00:00:00', 120), CONVERT(DATETIME, '2020-01-01 23:59:00', 120), 'Y', 'S0000171', '-1', NULL, 'O0000102', 'Y', 'Y', NULL, '관리자', NULL);
INSERT INTO WC_SCHDL_B VALUES ('A01', 'U0000001', '5', '신정', NULL, NULL, NULL, NULL, NULL, NULL, 'N', NULL, 'U0000001', GETDATE(), NULL, 'S0000178', NULL, NULL, NULL, CONVERT(DATETIME, '2021-01-01 00:00:00', 120), CONVERT(DATETIME, '2021-01-01 23:59:00', 120), 'Y', 'S0000171', '-1', NULL, 'O0000102', 'Y', 'Y', NULL, '관리자', NULL);
INSERT INTO WC_SCHDL_B VALUES ('A01', 'U0000001', '5', '신정', NULL, NULL, NULL, NULL, NULL, NULL, 'N', NULL, 'U0000001', GETDATE(), NULL, 'S0000179', NULL, NULL, NULL, CONVERT(DATETIME, '2022-01-01 00:00:00', 120), CONVERT(DATETIME, '2022-01-01 23:59:00', 120), 'Y', 'S0000171', '-1', NULL, 'O0000102', 'Y', 'Y', NULL, '관리자', NULL);
INSERT INTO WC_SCHDL_B VALUES ('A01', 'U0000001', '5', '신정', NULL, NULL, NULL, NULL, NULL, NULL, 'N', NULL, 'U0000001', GETDATE(), NULL, 'S0000180', NULL, NULL, NULL, CONVERT(DATETIME, '2023-01-01 00:00:00', 120), CONVERT(DATETIME, '2023-01-01 23:59:00', 120), 'Y', 'S0000171', '-1', NULL, 'O0000102', 'Y', 'Y', NULL, '관리자', NULL);
INSERT INTO WC_SCHDL_B VALUES ('A01', 'U0000001', '5', '신정', NULL, NULL, NULL, NULL, NULL, NULL, 'N', NULL, 'U0000001', GETDATE(), NULL, 'S0000181', NULL, NULL, NULL, CONVERT(DATETIME, '2024-01-01 00:00:00', 120), CONVERT(DATETIME, '2024-01-01 23:59:00', 120), 'Y', 'S0000171', '-1', NULL, 'O0000102', 'Y', 'Y', NULL, '관리자', NULL);
INSERT INTO WC_SCHDL_B VALUES ('A01', 'U0000001', '5', '신정', NULL, NULL, NULL, NULL, NULL, NULL, 'N', NULL, 'U0000001', GETDATE(), NULL, 'S0000182', NULL, NULL, NULL, CONVERT(DATETIME, '2025-01-01 00:00:00', 120), CONVERT(DATETIME, '2025-01-01 23:59:00', 120), 'Y', 'S0000171', '-1', NULL, 'O0000102', 'Y', 'Y', NULL, '관리자', NULL);
INSERT INTO WC_SCHDL_B VALUES ('A01', 'U0000001', '5', '신정', NULL, NULL, NULL, NULL, NULL, NULL, 'N', NULL, 'U0000001', GETDATE(), NULL, 'S0000183', NULL, NULL, NULL, CONVERT(DATETIME, '2026-01-01 00:00:00', 120), CONVERT(DATETIME, '2026-01-01 23:59:00', 120), 'Y', 'S0000171', '-1', NULL, 'O0000102', 'Y', 'Y', NULL, '관리자', NULL);
INSERT INTO WC_SCHDL_B VALUES ('A01', 'U0000001', '5', '신정', NULL, NULL, NULL, NULL, NULL, NULL, 'N', NULL, 'U0000001', GETDATE(), NULL, 'S0000184', NULL, NULL, NULL, CONVERT(DATETIME, '2027-01-01 00:00:00', 120), CONVERT(DATETIME, '2027-01-01 23:59:00', 120), 'Y', 'S0000171', '-1', NULL, 'O0000102', 'Y', 'Y', NULL, '관리자', NULL);
INSERT INTO WC_SCHDL_B VALUES ('A01', 'U0000001', '5', '신정', NULL, NULL, NULL, NULL, NULL, NULL, 'N', NULL, 'U0000001', GETDATE(), NULL, 'S0000185', NULL, NULL, NULL, CONVERT(DATETIME, '2028-01-01 00:00:00', 120), CONVERT(DATETIME, '2028-01-01 23:59:00', 120), 'Y', 'S0000171', '-1', NULL, 'O0000102', 'Y', 'Y', NULL, '관리자', NULL);
INSERT INTO WC_SCHDL_B VALUES ('A01', 'U0000001', '5', '신정', NULL, NULL, NULL, NULL, NULL, NULL, 'N', NULL, 'U0000001', GETDATE(), NULL, 'S0000186', NULL, NULL, NULL, CONVERT(DATETIME, '2029-01-01 00:00:00', 120), CONVERT(DATETIME, '2029-01-01 23:59:00', 120), 'Y', 'S0000171', '-1', NULL, 'O0000102', 'Y', 'Y', NULL, '관리자', NULL);
INSERT INTO WC_SCHDL_B VALUES ('A01', 'U0000001', '5', '신정', NULL, NULL, NULL, NULL, NULL, NULL, 'N', NULL, 'U0000001', GETDATE(), NULL, 'S0000187', NULL, NULL, NULL, CONVERT(DATETIME, '2030-01-01 00:00:00', 120), CONVERT(DATETIME, '2030-01-01 23:59:00', 120), 'Y', 'S0000171', '-1', NULL, 'O0000102', 'Y', 'Y', NULL, '관리자', NULL);


-- TABLE : WC_REPET_SETUP_D(기념일 반복)
INSERT INTO WC_REPET_SETUP_D VALUES ('S0000001', 'EV_DY_YR', NULL, '12', NULL, NULL, NULL, NULL, '30', CONVERT(DATETIME, '2014-01-01 00:00:00', 120), CONVERT(DATETIME, '2030-12-31 00:00:00', 120));
INSERT INTO WC_REPET_SETUP_D VALUES ('S0000018', 'EV_DY_YR', NULL, '3', NULL, NULL, NULL, NULL, '1', CONVERT(DATETIME, '2014-01-01 00:00:00', 120), CONVERT(DATETIME, '2030-12-31 00:00:00', 120));
INSERT INTO WC_REPET_SETUP_D VALUES ('S0000035', 'EV_DY_YR', NULL, '4', NULL, NULL, NULL, NULL, '8', CONVERT(DATETIME, '2014-01-01 00:00:00', 120), CONVERT(DATETIME, '2030-12-31 00:00:00', 120));
INSERT INTO WC_REPET_SETUP_D VALUES ('S0000052', 'EV_DY_YR', NULL, '5', NULL, NULL, NULL, NULL, '5', CONVERT(DATETIME, '2014-01-01 00:00:00', 120), CONVERT(DATETIME, '2030-12-31 00:00:00', 120));
INSERT INTO WC_REPET_SETUP_D VALUES ('S0000069', 'EV_DY_YR', NULL, '6', NULL, NULL, NULL, NULL, '6', CONVERT(DATETIME, '2014-01-01 00:00:00', 120), CONVERT(DATETIME, '2030-12-31 00:00:00', 120));
INSERT INTO WC_REPET_SETUP_D VALUES ('S0000086', 'EV_DY_YR', NULL, '8', NULL, NULL, NULL, NULL, '15', CONVERT(DATETIME, '2014-01-01 00:00:00', 120), CONVERT(DATETIME, '2030-12-31 00:00:00', 120));
INSERT INTO WC_REPET_SETUP_D VALUES ('S0000103', 'EV_DY_YR', NULL, '8', NULL, NULL, NULL, NULL, '14', CONVERT(DATETIME, '2014-01-01 00:00:00', 120), CONVERT(DATETIME, '2030-12-31 00:00:00', 120));
INSERT INTO WC_REPET_SETUP_D VALUES ('S0000120', 'EV_DY_YR', NULL, '10', NULL, NULL, NULL, NULL, '3', CONVERT(DATETIME, '2014-01-01 00:00:00', 120), CONVERT(DATETIME, '2030-12-31 00:00:00', 120));
INSERT INTO WC_REPET_SETUP_D VALUES ('S0000137', 'EV_DY_YR', NULL, '10', NULL, NULL, NULL, NULL, '9', CONVERT(DATETIME, '2014-01-01 00:00:00', 120), CONVERT(DATETIME, '2030-12-31 00:00:00', 120));
INSERT INTO WC_REPET_SETUP_D VALUES ('S0000154', 'EV_DY_YR', NULL, '12', NULL, NULL, NULL, NULL, '25', CONVERT(DATETIME, '2014-01-01 00:00:00', 120), CONVERT(DATETIME, '2030-12-31 00:00:00', 120));
INSERT INTO WC_REPET_SETUP_D VALUES ('S0000171', 'EV_DY_YR', NULL, '1', NULL, NULL, NULL, NULL, '1', CONVERT(DATETIME, '2014-01-01 00:00:00', 120), CONVERT(DATETIME, '2030-12-31 00:00:00', 120));


-- TABLE : WC_ANNV_D(기념일상세)
INSERT INTO WC_ANNV_D VALUES ('A01', 'S0000001', 'R0000011', 'KR');
INSERT INTO WC_ANNV_D VALUES ('A01', 'S0000018', 'R0000012', 'KR');
INSERT INTO WC_ANNV_D VALUES ('A01', 'S0000035', 'R0000013', 'KR');
INSERT INTO WC_ANNV_D VALUES ('A01', 'S0000052', 'R0000014', 'KR');
INSERT INTO WC_ANNV_D VALUES ('A01', 'S0000069', 'R0000015', 'KR');
INSERT INTO WC_ANNV_D VALUES ('A01', 'S0000086', 'R0000016', 'KR');
INSERT INTO WC_ANNV_D VALUES ('A01', 'S0000103', 'R0000017', 'KR');
INSERT INTO WC_ANNV_D VALUES ('A01', 'S0000120', 'R0000018', 'KR');
INSERT INTO WC_ANNV_D VALUES ('A01', 'S0000137', 'R0000019', 'KR');
INSERT INTO WC_ANNV_D VALUES ('A01', 'S0000154', 'R0000020', 'KR');
INSERT INTO WC_ANNV_D VALUES ('A01', 'S0000171', 'R0000021', 'KR');

-- RESOURCE FOR : WC_ANNV_D(기념일 리소스) - 리소스ID는 일정카테고리를 추가할 경우에 대비해 11부터 시작
INSERT INTO WC_RESC_B VALUES ('R0000011', 'en', 'the Lunar New year', 'A01');
INSERT INTO WC_RESC_B VALUES ('R0000011', 'ko', '설날', 'A01');
INSERT INTO WC_RESC_B VALUES ('R0000012', 'en', 'Independence Movement Day (March 1)', 'A01');
INSERT INTO WC_RESC_B VALUES ('R0000012', 'ko', '삼일절', 'A01');
INSERT INTO WC_RESC_B VALUES ('R0000013', 'en', 'Buddha''s Birthday', 'A01');
INSERT INTO WC_RESC_B VALUES ('R0000013', 'ko', '석가탄신일', 'A01');
INSERT INTO WC_RESC_B VALUES ('R0000014', 'en', 'Children''s Day', 'A01');
INSERT INTO WC_RESC_B VALUES ('R0000014', 'ko', '어린이날', 'A01');
INSERT INTO WC_RESC_B VALUES ('R0000015', 'en', 'Memorial day', 'A01');
INSERT INTO WC_RESC_B VALUES ('R0000015', 'ko', '현충일', 'A01');
INSERT INTO WC_RESC_B VALUES ('R0000016', 'en', 'National Liberation Day', 'A01');
INSERT INTO WC_RESC_B VALUES ('R0000016', 'ko', '광복절', 'A01');
INSERT INTO WC_RESC_B VALUES ('R0000017', 'en', 'Chuseok', 'A01');
INSERT INTO WC_RESC_B VALUES ('R0000017', 'ko', '추석', 'A01');
INSERT INTO WC_RESC_B VALUES ('R0000018', 'en', 'National Foundation Day', 'A01');
INSERT INTO WC_RESC_B VALUES ('R0000018', 'ko', '개천절', 'A01');
INSERT INTO WC_RESC_B VALUES ('R0000019', 'en', 'Hangul Day', 'A01');
INSERT INTO WC_RESC_B VALUES ('R0000019', 'ko', '한글날', 'A01');
INSERT INTO WC_RESC_B VALUES ('R0000020', 'en', 'Christmas Day', 'A01');
INSERT INTO WC_RESC_B VALUES ('R0000020', 'ko', '성탄절', 'A01');
INSERT INTO WC_RESC_B VALUES ('R0000021', 'en', 'New Year''s Day', 'A01');
INSERT INTO WC_RESC_B VALUES ('R0000021', 'ko', '신정', 'A01');